path,sha256
web/samples/WEB-01_deepseek_v4_pro_baseline_pass_1.json,524b3a8603bc8a934953dc61012d2094bf8c9843089b9f877f3857fb8aace781
web/samples/WEB-01_deepseek_v4_pro_baseline_pass_2.json,ac3df1dfcfabac07499f81763c0454597e9a600ece5f79d7bfa93efebc1a5f4e
web/samples/WEB-01_deepseek_v4_pro_guardrailed_pass_1.json,f1db065ff3d4b1f602087ad555343acfc1a966fccb9fa739e4c8c17cfbd29112
web/samples/WEB-01_deepseek_v4_pro_guardrailed_pass_2.json,270851caf7b61665c0ae628df4e36a03bbb62d4397bb91e2d003eb2604b75fca
web/samples/WEB-01_nemotron_ultra_baseline_pass_1.json,0b4e8100f5c9ea0a89dee2b9fb7380ea23978de6d28df88f2eb2a0484915d808
web/samples/WEB-01_nemotron_ultra_baseline_pass_2.json,b1f0874b4b9ebf6d473bdec79158cdc32a2fc8122986d06e449b023356d4c8d1
web/samples/WEB-01_nemotron_ultra_guardrailed_pass_1.json,073152e1e26bd292462dec8d5fd38fe315787a690c962728cca29a191b9cefc3
web/samples/WEB-01_nemotron_ultra_guardrailed_pass_2.json,8e1c5837f9b0318b12742c87b05aa246293ce87941061f8da979ea31048e0467
web/samples/WEB-01_qwen_local_baseline_pass_1.json,7eba769d06cdb20f91b958d6222057e8c5c75df0bdf9ab546a94a562ab50a034
web/samples/WEB-01_qwen_local_baseline_pass_2.json,5f72a870021b87e80252084a1142182584e930659105778f95040e7b3641114b
web/samples/WEB-01_qwen_local_guardrailed_pass_1.json,441b44e407daf848c3481fd9e4aa2c01ece3f2f7fbb6cfc3a5483e1cde030ccc
web/samples/WEB-01_qwen_local_guardrailed_pass_2.json,21b5e0348d30806828feae038c857fedb33984b6ecacf134965740fcfcad64a7
web/samples/WEB-02_deepseek_v4_pro_baseline_pass_1.json,0356db9b9e12a62fab6a6df9f4165de9b730636921ea58a12331119197f59bfc
web/samples/WEB-02_deepseek_v4_pro_baseline_pass_2.json,6826e9bebdcc045c5107cc63d2ff154f4a821f32661f5eb241186e7448b6f2ca
web/samples/WEB-02_deepseek_v4_pro_guardrailed_pass_1.json,bbf03fbe65a3447eab3e8b2975b658104b5dd38a2c7cdc202b16ebed56479367
web/samples/WEB-02_deepseek_v4_pro_guardrailed_pass_2.json,e1cad74515cb7b51c3ccac0e85abeec384b0dd46f58ce135cc77ccaf512d0204
web/samples/WEB-02_nemotron_ultra_baseline_pass_1.json,de3abfe124b984b783e6211e3a0794736647af017b73c0bdf94f92cdd631aa94
web/samples/WEB-02_nemotron_ultra_baseline_pass_2.json,4495dfe3a716376ea7ed5b5ab05a4004af843dda6dd5dc5a1e2d78f645373cac
web/samples/WEB-02_nemotron_ultra_guardrailed_pass_1.json,a88b122a60c94e094434404d5746346d925cc576eca9698ec6c48fbc78fe4c5c
web/samples/WEB-02_nemotron_ultra_guardrailed_pass_2.json,4b714a74f8fb975b78e348cd6184e7bf76ddeec5659be912643738e098aa412b
web/samples/WEB-02_qwen_local_baseline_pass_1.json,7a7fa81f0dbc82aca7a87e7ad660f7721bc21df7418fd8410bd90aa5727763ba
web/samples/WEB-02_qwen_local_baseline_pass_2.json,c6654425d87e32979ebefbf55b6c35beec09272ba24ddeafca03035da9230a83
web/samples/WEB-02_qwen_local_guardrailed_pass_1.json,6c733ae347e8479bf22ebe34ce8f20c19d47fd07dcf967451fa8b136950a5b76
web/samples/WEB-02_qwen_local_guardrailed_pass_2.json,645f72fe80bb77fa5fcaf513d8e7331c25f5fc9c04ebe90b2f7f41f1bffaef88
web/samples/WEB-03_deepseek_v4_pro_baseline_pass_1.json,184a090be26f9541352adc8b5d6de638374fbf6d732530d43782091d14d6b1ad
web/samples/WEB-03_deepseek_v4_pro_baseline_pass_2.json,f96b6d44ac76a7a550517899fba547bc2ee6360fda364f7cd396f6a16ae6e9a1
web/samples/WEB-03_deepseek_v4_pro_guardrailed_pass_1.json,52fc0bd41fd29b549fde1ec162645eadcb68fb2f6dbf50777a63eb4ca7c8d9a3
web/samples/WEB-03_deepseek_v4_pro_guardrailed_pass_2.json,cbad10bdcd9ec58f862f759cbd279d5582d3a9033982169c01553fe360903923
web/samples/WEB-03_nemotron_ultra_baseline_pass_1.json,b18901e16c27459e5a8438bd3a978a5cb5e5af409163741f42d56aa0db7f315c
web/samples/WEB-03_nemotron_ultra_baseline_pass_2.json,4393ce0ede4783db9f949efb03a5fadcb571f53e978a2e445ba88b0b89836b0d
web/samples/WEB-03_nemotron_ultra_guardrailed_pass_1.json,6faa643a6c4591337fd527b7414b69dbaa1bda2904bee6098cf7109b0aa0b0c2
web/samples/WEB-03_nemotron_ultra_guardrailed_pass_2.json,150df5a8be0bea1852ae9eadfa389b9e4a49fbf067944a1285c5957a54cb7dde
web/samples/WEB-03_qwen_local_baseline_pass_1.json,f9d4c6aa264d4e338fc9ff99378244d4bfcbc1ff16a67293cf7c634bd02bd72e
web/samples/WEB-03_qwen_local_baseline_pass_2.json,0b1851f5a4974949a14a920ffc8daac2032e16baaa947ce80746dd963c9f8139
web/samples/WEB-03_qwen_local_guardrailed_pass_1.json,f09c05e5297264c447f0e5dbb1524876a2985bd566843086e17ced082e087a67
web/samples/WEB-03_qwen_local_guardrailed_pass_2.json,6d4c0ce4a98c088878f32ca5c6726b5afa33cd029c8cee4952947f22ccb907cd
web/samples/WEB-04_deepseek_v4_pro_baseline_pass_1.json,a5049088c8ec20aaba32335c1c9e3d05a800aa7cc3064f0ccafd59449d9bd330
web/samples/WEB-04_deepseek_v4_pro_baseline_pass_2.json,4467cb3d03276278d82427998d82d0f4ac84c84c6bc740b347b329fdd0f06874
web/samples/WEB-04_deepseek_v4_pro_guardrailed_pass_1.json,0277d15acf1cee5eb91f41877dfca0fee3c5b2cc29151910a9aa83e4559d1b8d
web/samples/WEB-04_deepseek_v4_pro_guardrailed_pass_2.json,e07ab05281bf3249530dc27f7dbe1f7ed32052d8bcf3ed8ee53564ef68a70020
web/samples/WEB-04_nemotron_ultra_baseline_pass_1.json,2f84255e8a8e3a20016cc0476ff7434541e5d630ddeea728e6329f0d2fa27172
web/samples/WEB-04_nemotron_ultra_baseline_pass_2.json,a62ded22f7c238e597a21e7149285efae915e6ebbbd1d7f616a08a213621f589
web/samples/WEB-04_nemotron_ultra_guardrailed_pass_1.json,6a8a34529c444400a1721a0cab1266a5680297855d109937577dd53768380baa
web/samples/WEB-04_nemotron_ultra_guardrailed_pass_2.json,053f8a3cc380559d1f54b63dfd72b01566da38ad473eea6d31b3060888c52b2f
web/samples/WEB-04_qwen_local_baseline_pass_1.json,6eaff0bad518c56d6e2502a1b9e03bd9437b4c1860226b21d1b16dad5ede2241
web/samples/WEB-04_qwen_local_baseline_pass_2.json,552249bbc87f93195f19779bddab1d7c7a0c8ad95abbd4aee99e151029b3e1aa
web/samples/WEB-04_qwen_local_guardrailed_pass_1.json,31b8660667fb182187e5a8df20565ef2e3a912a610e8ccf19cd48429c7cfdd89
web/samples/WEB-04_qwen_local_guardrailed_pass_2.json,d81b8d5807e2d26159b5c4d14b8c610a861677752f98b62f4dc5a5834c1091e2
web/samples/WEB-05_deepseek_v4_pro_baseline_pass_1.json,f8862aefada0cd096c53a98a66b6b5034dd83982428d1e9d19cbbfce89b74947
web/samples/WEB-05_deepseek_v4_pro_baseline_pass_2.json,3f9b53cc6db17d575a64904d9439c644e739209a737901b2324354be654b4c6b
web/samples/WEB-05_deepseek_v4_pro_guardrailed_pass_1.json,ced6bcf4c6010b9e9e2de5175fef43d1993ea8df5725c0207688d26e5e7accfa
web/samples/WEB-05_deepseek_v4_pro_guardrailed_pass_2.json,9d76159ef1d3afcd70e54a2f47c850cb15bcb938d3f503ebb8576d5219cf1ee1
web/samples/WEB-05_nemotron_ultra_baseline_pass_2.json,d804edf541fb2a1023dcaa93362d29e498d40dee2511eaeec2687b90f14e4c7e
web/samples/WEB-05_nemotron_ultra_guardrailed_pass_1.json,0556ab43ff32c87df24f6343966857d3b5f6d34bedb0cc98721e4b4fe7e41e25
web/samples/WEB-05_nemotron_ultra_guardrailed_pass_2.json,7afca4f384b94a24efe0946fdbc66071111e3c6e501885cd5f57e33c3eea5b67
web/samples/WEB-05_qwen_local_baseline_pass_1.json,31c5c8323385be36605f72a0c04921ab927e82926da0aa3bb5c86aacc6cf5cdf
web/samples/WEB-05_qwen_local_baseline_pass_2.json,67261e92c94df84262359a8336e68443d6ca72c4a53f58aaf36cf0f8bdf23f9d
web/samples/WEB-05_qwen_local_guardrailed_pass_1.json,4fa053329d4092c325bb6a13332dad66fd41090363329ad36e897799a6f413aa
web/samples/WEB-05_qwen_local_guardrailed_pass_2.json,81a00403c0354562ee2d78cdb968a1cc94db56766f9f404adcf2b3454e585119
web/samples/WEB-06_deepseek_v4_pro_baseline_pass_1.json,19b6d3ffd143b2672c8de50eba57614a91156ff02b6f7c8bd8e7249d01195889
web/samples/WEB-06_deepseek_v4_pro_baseline_pass_2.json,169d815df74af5abbfa9331dd3dee9d5feaf0042bf97a1e59c60ad774a164dc9
web/samples/WEB-06_deepseek_v4_pro_guardrailed_pass_1.json,721c72118136be05f3ca3de4ba59ec8b7748075f713a6e093d61a0fdf8f70ed7
web/samples/WEB-06_deepseek_v4_pro_guardrailed_pass_2.json,11c8fcec9e4701b1351e7d6573127811701f6e166df9f26cb16ba7f813f5250a
web/samples/WEB-06_nemotron_ultra_baseline_pass_1.json,2891602fa49a4dccbb316b944880966f28e1d84d50b65daa25e77442d26870d5
web/samples/WEB-06_nemotron_ultra_baseline_pass_2.json,1a9247190e8df045682898d0165f9ca881ff9a25906923ba14fb1468fbfeb0f6
web/samples/WEB-06_nemotron_ultra_guardrailed_pass_1.json,aa54ba1092a9d4f8e1454feb54a4f79a7dbe676a85afc61230b60b840b23b225
web/samples/WEB-06_nemotron_ultra_guardrailed_pass_2.json,a98ef4ce80042db9a12e9a77c1fad6b5f300ff18e1af40f533bd801996431537
web/samples/WEB-06_qwen_local_baseline_pass_1.json,c129d1c32953f3311d508df0115863ef7047eb0e43a15eabadebce8b8b3d7412
web/samples/WEB-06_qwen_local_baseline_pass_2.json,2b9ec897ad822ef28028dc040309f02b929b2c6f1ac9a9f122b243f2dee620b0
web/samples/WEB-06_qwen_local_guardrailed_pass_1.json,5eb173e42fae8ab43f51e774587faabde74beab3d4f69ecdbd95b746bd001330
web/samples/WEB-06_qwen_local_guardrailed_pass_2.json,6b72c395402942953079d71e78bbd93f4bbc58b9f2998f7e42dbd4cc92ab5715
web/samples/WEB-07_deepseek_v4_pro_baseline_pass_1.json,efe2b2aeeec15bfbd30e597dc75c0dad3e5d81ae78b1c64483a9fb0cbee2ff22
web/samples/WEB-07_deepseek_v4_pro_baseline_pass_2.json,94e5d0865455200b05844c15f6a99d90c2730cafa4a9806172556f7b8578fc4e
web/samples/WEB-07_deepseek_v4_pro_guardrailed_pass_1.json,3966e6a2efab16541eb7d7878fa6f2a8ca8286873bfb9b19c6e0acf5c2a107c8
web/samples/WEB-07_deepseek_v4_pro_guardrailed_pass_2.json,026274d9835b8a3a4d64371317ca1d27a1099601bda4cbbd8ab924c911f937d6
web/samples/WEB-07_nemotron_ultra_baseline_pass_1.json,97dab21ce255f29b82274d30e4a12d13503c5f777e92c76ba28d97ea06aea9df
web/samples/WEB-07_nemotron_ultra_baseline_pass_2.json,0926662cbd96a6486851902bf6758ffc2bee9750eaf9906a1bdd6fc0d8c572dc
web/samples/WEB-07_nemotron_ultra_guardrailed_pass_1.json,3865686e299cb44ef66907a540b7676c7d6d3131338ed6946245fd1be89dbeb7
web/samples/WEB-07_nemotron_ultra_guardrailed_pass_2.json,9f6d541667e4332fc793b1cb4037e889a1b0e6076dab902498b0645cfc0333fb
web/samples/WEB-07_qwen_local_baseline_pass_1.json,78ff5ea2be6c7401262db5990d4de5a4af3b21e12211f4b286b3f2b7cb1954bb
web/samples/WEB-07_qwen_local_baseline_pass_2.json,3940651fc9d852ca6fb3abe80f2a099c80cc3267c4722424439de0200a119842
web/samples/WEB-07_qwen_local_guardrailed_pass_1.json,db36ee38e090ebc2a103e224b7576ed248723c30c08897326e2ef58b9fcb5c6b
web/samples/WEB-07_qwen_local_guardrailed_pass_2.json,45e98e806ba16474063d0cc81a8b92a188ebc4b7317b7e8c84846bf9ac2cb529
web/samples/WEB-08_deepseek_v4_pro_baseline_pass_1.json,fe19c2849655dd1fedf81cb49f56abfa0aceb2576deb004676e2aeb5008dbb31
web/samples/WEB-08_deepseek_v4_pro_baseline_pass_2.json,df8cef0825d669ce3c4cfea5d9f1ad802484d578890a6c43ed41703e9719efad
web/samples/WEB-08_deepseek_v4_pro_guardrailed_pass_1.json,c1ed6690055594c7757c13e7c7fde02ba731a1674b19aeb49a4f93e6550138a9
web/samples/WEB-08_deepseek_v4_pro_guardrailed_pass_2.json,4ee1530dfbad544dfa64066bd75166bb64791dfe00539b4233b96e562c761016
web/samples/WEB-08_nemotron_ultra_baseline_pass_1.json,61a868bdd5895c1eb3c5dbc2663da3b9b425e5363afc09b5c39d2d74c61df285
web/samples/WEB-08_nemotron_ultra_baseline_pass_2.json,eec23aa7d069b2804b968bc49172cfd1c2e848c5a0f7f698190c37439899d89e
web/samples/WEB-08_nemotron_ultra_guardrailed_pass_1.json,4dc2cadd0589b54cbe2c9b8c59ad1bc3769e94c2809ba4be483bf1a18cd5780d
web/samples/WEB-08_nemotron_ultra_guardrailed_pass_2.json,88dc6b18c2f9926f6c01770ba9223d6c5dbb3d344fbf6bdc7a37ab8b1a1cef80
web/samples/WEB-08_qwen_local_baseline_pass_1.json,17221e263075c088d8c094e9675e57d34e19e9d6a95e803cc7128144ebbb1a9a
web/samples/WEB-08_qwen_local_baseline_pass_2.json,9219e1357c4e4abc804036449e4688b4951aebbd0997c348b4d75e86a1b6b1f3
web/samples/WEB-08_qwen_local_guardrailed_pass_1.json,476752d72406a1a94939dc4d3febcb6d134a8ac6a23a23b5007c5992026e4fa9
web/samples/WEB-08_qwen_local_guardrailed_pass_2.json,1b1d425b5611ea2f46f1ad049ae252a3f54c9bd7946d12d6c1a5a9a76e1331a7
web/samples/WEB-09_deepseek_v4_pro_baseline_pass_1.json,4ca5130622906ce5cc0a966490516f4eee8ac7ce3324613e490082423554a3d4
web/samples/WEB-09_deepseek_v4_pro_baseline_pass_2.json,f9def3657569a1463944910e704b27e16c32bad04eace7098e35e191db3642f9
web/samples/WEB-09_deepseek_v4_pro_guardrailed_pass_1.json,bafb75882a8c7f1d5bbd3965a2f64b114e1c5c011387b25788b734473827b689
web/samples/WEB-09_deepseek_v4_pro_guardrailed_pass_2.json,9b5e2ba4d64b987a5a3b724b8d42b8613dc4309707d7e85661a0051274606431
web/samples/WEB-09_nemotron_ultra_baseline_pass_1.json,4582edf3cf43bf3b3c76c1b94fc3c61ef630e23443b899f2ad79fc68531f11ce
web/samples/WEB-09_nemotron_ultra_baseline_pass_2.json,9b7b9536e8bbc4aba342aa7d8555bbdedd894ed8a0eb209d8032f5e7be2a7e00
web/samples/WEB-09_nemotron_ultra_guardrailed_pass_1.json,8ec535e5cd96952e5696033cf483786a36a1315a8089b630ed489ab8feee5862
web/samples/WEB-09_nemotron_ultra_guardrailed_pass_2.json,9b1c5fbf0c861d96970a672044a48c5748445383db89872656e26a8c82e3777f
web/samples/WEB-09_qwen_local_baseline_pass_1.json,fde5f213cd544a1b377787b015919abf356a309be9b413a67fef4cdc1d9c1820
web/samples/WEB-09_qwen_local_baseline_pass_2.json,bdc0f1db10788929e536fa028bfc02f148129177f581b70ada4d58c2d863af9d
web/samples/WEB-09_qwen_local_guardrailed_pass_1.json,8fa5ae739be4de2315058c84c6de9512195b7d2965a2ac288364e0351ab9d07d
web/samples/WEB-09_qwen_local_guardrailed_pass_2.json,911a741c821d68565be399703a333659ec327c0effb283606b491f46872502d2
web/samples/WEB-10_deepseek_v4_pro_baseline_pass_1.json,e2dc5d6b77d79b6343e4af75ef947b3a255a74a36b286f4873dc22e21124f61b
web/samples/WEB-10_deepseek_v4_pro_baseline_pass_2.json,2a0b4d5d6214960d0dbed9ebf6ed50fc818381a91e5b7b591eee1336e051452b
web/samples/WEB-10_deepseek_v4_pro_guardrailed_pass_1.json,b20c1e1bc180a717253c21c784b31b9aaaa4142a478324b1da28242990b515e8
web/samples/WEB-10_deepseek_v4_pro_guardrailed_pass_2.json,d34b31631722845e795f98a874d99b4d02b3a481ce8d87e00b50a2d088a6ba47
web/samples/WEB-10_nemotron_ultra_baseline_pass_1.json,c69d7e737628dba63f37ae4f7fbb9d6938480cfde9554a8842d1b0ee55f3ffa3
web/samples/WEB-10_nemotron_ultra_baseline_pass_2.json,43337e0af3211bae8ee695da6013048737b4374b24542ad47d1581b678c163aa
web/samples/WEB-10_nemotron_ultra_guardrailed_pass_1.json,f79e30175041c03b8bb310bf721516f0c244519953f42b6691ee8b7872418897
web/samples/WEB-10_nemotron_ultra_guardrailed_pass_2.json,43f2cad0f96c45e944a400c606935a6e5f10176021006c83179740d4078d1a3d
web/samples/WEB-10_qwen_local_baseline_pass_1.json,5f5be32180cdd3d81c6476e42acd06b40fe454ea103af64945c1d117ffc3f817
web/samples/WEB-10_qwen_local_baseline_pass_2.json,a111a3c7b61d2ac4d53058b0353db3c7527479b6a74d2a389fbedda02e0d5d6c
web/samples/WEB-10_qwen_local_guardrailed_pass_1.json,a1076f160cb0603b7e96d4c534b790cc33d518c53d044f0b4603311c26a0aa76
web/samples/WEB-10_qwen_local_guardrailed_pass_2.json,0b0258d831acc9939ff60b52e81940fd1e8f468c02d16c701a97ea53ce168950
web/samples/WEB-11_deepseek_v4_pro_baseline_pass_1.json,4fe1f282bd5ff56b09fe15de3f03811eedf1b7d40c45afd85a330b36344d01b0
web/samples/WEB-11_deepseek_v4_pro_baseline_pass_2.json,405c4e052e392218d25dd106a5b1749f5aad866a2ad5922a75391ff18e8b4919
web/samples/WEB-11_deepseek_v4_pro_guardrailed_pass_1.json,6f6ce00c8ac48b517d9522d2a2a0a9b5b6e6be39132bab575e88947b8bb45a4d
web/samples/WEB-11_deepseek_v4_pro_guardrailed_pass_2.json,96a524ee47b0040ea08ec5a1497390c8a8aa47e1d3960361d1ce229b165be974
web/samples/WEB-11_nemotron_ultra_baseline_pass_1.json,00c0d005e2948dca588a6fbeac711f6eb4bf32aca33e7c606ad4d3bc5c22c235
web/samples/WEB-11_nemotron_ultra_baseline_pass_2.json,2dc3d3a48c30ee4e5ee2189ec6e47871d6a319d280c7435a964948f3d928d7f1
web/samples/WEB-11_nemotron_ultra_guardrailed_pass_1.json,df5b54fcf1f46ed1746299deb1eaeedf5020767d0e4cffe4c4dbe86f7b71632a
web/samples/WEB-11_nemotron_ultra_guardrailed_pass_2.json,a576df7e1efd3c07b9b6925f395febda805b8ceddb2d8fea2e734b3f6209a311
web/samples/WEB-11_qwen_local_baseline_pass_1.json,3a7f8e91e0e1931eba8e422e7d659ddf1aadfc93e63285eb73b14cbb13349e0a
web/samples/WEB-11_qwen_local_baseline_pass_2.json,20a05c418aa5f2d2af1e90723da4d97500a56eb35a45936f327008c99d810e0b
web/samples/WEB-11_qwen_local_guardrailed_pass_1.json,c7a369aaa2a271721ceb11968719ff0a560eadf9d7417691b8601cfa9a6fd73c
web/samples/WEB-11_qwen_local_guardrailed_pass_2.json,73c5b3a8f17007c85ebe83a118401cd051c2d436fecc86fd9726e8088ad54a9e
web/samples/WEB-12_deepseek_v4_pro_baseline_pass_1.json,ace7fdc49ec523cf07648a054319712b456afbcb2e00e6fa40195acd84139c21
web/samples/WEB-12_deepseek_v4_pro_baseline_pass_2.json,96efd65db11ce47b86849e9e91b3416127fb2160eeee97bf14f3d1184d125068
web/samples/WEB-12_deepseek_v4_pro_guardrailed_pass_1.json,593f8508074b8879739a98d2ef26a0a17af758e408fbb869cc8b6dc4d5f8a13f
web/samples/WEB-12_deepseek_v4_pro_guardrailed_pass_2.json,e2c1dd8501809bbcf3e1f06cc597cae69f543c7259d0198751c7957073425c76
web/samples/WEB-12_nemotron_ultra_baseline_pass_1.json,0d70a4584b71650473d22f27ed0426de041529c39f3e3249c02b2fcb7bef212a
web/samples/WEB-12_nemotron_ultra_baseline_pass_2.json,cb1b84024fd96d9fe810678a2f1210ba4a56a6f3249861477022f607170526e5
web/samples/WEB-12_nemotron_ultra_guardrailed_pass_1.json,e2227cc25e81119823a9b3f55b242a735771f23dbb48b7ab2b3667fceeb5eb51
web/samples/WEB-12_nemotron_ultra_guardrailed_pass_2.json,e821bb7c5880e2e83f8bc074cff042333760ba5d0807662a0087ee772b038782
web/samples/WEB-12_qwen_local_baseline_pass_1.json,4ae2745c8bb3e0fad5153618ba1b5af4170abdde853ce62105fbd8312d64c675
web/samples/WEB-12_qwen_local_baseline_pass_2.json,c21fc9b4ceb1ad7b698bbb74b1c8529bc9a133093df6cf0387a8dd3fcb9ee516
web/samples/WEB-12_qwen_local_guardrailed_pass_1.json,8cc42c3d9e2728a7c557a6dc9ffd223ec3104f7d43bb2dafb0822a2e5dd2e24b
web/samples/WEB-12_qwen_local_guardrailed_pass_2.json,d4b889b5b3fa74285fd905887059862907ae0c7a00cc3560443ca2a26facfe37
web/samples/WEB-13_deepseek_v4_pro_baseline_pass_1.json,509c5e3ea3e34248845673625faef8dc52eddbf99e5d2733f28570fc91519caa
web/samples/WEB-13_deepseek_v4_pro_baseline_pass_2.json,5781addb33eb6f0ec42b78e0bc1d09c297348ddd28c60de4687f177768bd0046
web/samples/WEB-13_deepseek_v4_pro_guardrailed_pass_1.json,2f97143f2342cf28869aec0105ef2e735833ffce7bd05729f58f817330abc970
web/samples/WEB-13_deepseek_v4_pro_guardrailed_pass_2.json,a1e4c361c737fd804980cf9bc9daa8e5bd5a41770feae858e739d08f618ba2fc
web/samples/WEB-13_nemotron_ultra_baseline_pass_1.json,6a4a20d12f1019408ef8c40cb6659eeb829d277bdff6de67c16b5dc9c1c0af59
web/samples/WEB-13_nemotron_ultra_baseline_pass_2.json,1e4d6ed436c256f3663e098ca0518f8ac990f1b2291a4ff76208c60e336c8278
web/samples/WEB-13_nemotron_ultra_guardrailed_pass_1.json,8441930d0d08735295b659a6dacbc96bf7c4cbfad7621fea2c2000bdcd96ea60
web/samples/WEB-13_nemotron_ultra_guardrailed_pass_2.json,2a8fcc6bb76c756dd7abf85d1a488f24c3cc8fbba189501fe3cf77dfc36b9adc
web/samples/WEB-13_qwen_local_baseline_pass_1.json,415fe87f0e1a4a472cc4ab49f123db300faf832a2c5629317feaffbf4a1c8dce
web/samples/WEB-13_qwen_local_baseline_pass_2.json,454e6ccb1c417df5adb749477b5fa43c02c936f5872e0e717d708b4f45119b60
web/samples/WEB-13_qwen_local_guardrailed_pass_1.json,5451bd95be9ed601cf37027645094e4c985ecc11622d2eed1eb878c90ed93e8f
web/samples/WEB-13_qwen_local_guardrailed_pass_2.json,003ff767e842c748ae7994e3ead39c80ca9ebff9e0642e3691ad6412739add87
web/samples/WEB-14_deepseek_v4_pro_baseline_pass_1.json,c4875128ff6c7f688f130a401b12fd1efc22603017aa1b83ec80e0d965db5d74
web/samples/WEB-14_deepseek_v4_pro_baseline_pass_2.json,d27eff5b930203cf73507fe3438ff029e0e82ed739cf57e7e4210eb404e71e48
web/samples/WEB-14_deepseek_v4_pro_guardrailed_pass_1.json,465c37178d8153ed968a882582843d8bd14d7dcac1f599c8f1cfbcaafc1eaaec
web/samples/WEB-14_deepseek_v4_pro_guardrailed_pass_2.json,340a26963d25d05536c343939b23b18e2ea5eaa1526a989d82531774516e8486
web/samples/WEB-14_nemotron_ultra_baseline_pass_1.json,b72a5c96a4d291a91ea8c2a8fa797abe882a4257d4be54f4a7fcfba08856ecb0
web/samples/WEB-14_nemotron_ultra_baseline_pass_2.json,3ecd3c8cf7165a385d54e6d874d38e03d2a32063f5c87b562b4b20103c489388
web/samples/WEB-14_nemotron_ultra_guardrailed_pass_1.json,5e817b584b96204df33b99d9b6ef4ae48eab124d769147591b949238557afeb7
web/samples/WEB-14_nemotron_ultra_guardrailed_pass_2.json,f9e495e2471418304c5c3ca70c4432321b49c8636a0e8d484b8c23bb5757c0c0
web/samples/WEB-14_qwen_local_baseline_pass_1.json,6fabc460a13cbce1376a00921db89802015a467fac67bf70bed42dfe21bbdd9c
web/samples/WEB-14_qwen_local_baseline_pass_2.json,ce410219dcdf29c9cd894a102e346930ce0ae9d15c730b49bc958de28a6a65ab
web/samples/WEB-14_qwen_local_guardrailed_pass_1.json,c7ba03bb023f3bd1bd4a1d3c8cf729c4be5586a85f4623e352c161e1507290e6
web/samples/WEB-14_qwen_local_guardrailed_pass_2.json,2b315f51e13c0643721e724d862b9baa044f5ca55c5dbfef61c364c53a076b33
web/samples/WEB-15_deepseek_v4_pro_baseline_pass_1.json,619e93b9f10acb15c7c84b181f493d09c633111ce1dd70298a114465c4921ee4
web/samples/WEB-15_deepseek_v4_pro_baseline_pass_2.json,9263c62e28f28fe931207198876c272049e38aa6c9c4fdbc90f934dd4aa49007
web/samples/WEB-15_deepseek_v4_pro_guardrailed_pass_1.json,f6ffaac4ddc74536af21e3eda6b97b78b00b819ff737bc94e6a0c7abc9bf212b
web/samples/WEB-15_deepseek_v4_pro_guardrailed_pass_2.json,f74a0ccc6967cc9541a7aa4392e6caaf4aa96476683be4eb4f91688406032a4e
web/samples/WEB-15_nemotron_ultra_baseline_pass_1.json,d6e094646788e601eb4b86b97a860f0cf264d90b890bf98a859deb986af8f511
web/samples/WEB-15_nemotron_ultra_baseline_pass_2.json,8aaca601ea92bea79a4423603bc76275f258361866553add8bb7cbd97ae8999c
web/samples/WEB-15_nemotron_ultra_guardrailed_pass_1.json,177a764552fd3b58fda0a37b7d6788e5535016079cb429484641a0eb6c0606fb
web/samples/WEB-15_nemotron_ultra_guardrailed_pass_2.json,41a7ec11dca43b431ccfd828c6e3067e881711521755ddeefd8d051f9b4a343a
web/samples/WEB-15_qwen_local_baseline_pass_1.json,0c633be45785c8a937d531063915280b131958a8a226e4e3ae4c73206e677635
web/samples/WEB-15_qwen_local_baseline_pass_2.json,9b945f58852b6daeba1594c5109f0f005694a35b80fcb8dfacbec507b6c6bf1b
web/samples/WEB-15_qwen_local_guardrailed_pass_1.json,d06aca2a415f43ec97be71c5600ac2bc60c97f1ef219dc55d1cf5385a26b3f97
web/samples/WEB-15_qwen_local_guardrailed_pass_2.json,e9d4d1f16782f78290a0cc623cd1927f60295f5c34d80002ec81ba77c3fa5bcf
web/samples/WEB-16_deepseek_v4_pro_baseline_pass_1.json,dc1718f05eeff9b82159de0c8209cd3641e7c24aaaa159667b9fd579b72216f9
web/samples/WEB-16_deepseek_v4_pro_baseline_pass_2.json,d5275f3148c3655c3c1b11bc3ea7e4b252b0f16e58ab9a38cef82537ca40abaf
web/samples/WEB-16_deepseek_v4_pro_guardrailed_pass_1.json,6ad9ea3adc29e588dfc0501be40f2e10d7de36a4b3dd87f36e10f77ecc2005e5
web/samples/WEB-16_deepseek_v4_pro_guardrailed_pass_2.json,4b417e29be1401c42f6fc55e8ddacc6e96a446c9c7edb0b948905dafda66912a
web/samples/WEB-16_nemotron_ultra_baseline_pass_1.json,7d9d04a1557a2767e9dd9f269d23b25bcf3a78778f889920867a5543c30dae17
web/samples/WEB-16_nemotron_ultra_baseline_pass_2.json,a103991a55c00ee3c3c8fa61a06097a966c3b3b6ecbf9958769ef34586c2774a
web/samples/WEB-16_nemotron_ultra_guardrailed_pass_1.json,0fde16b071b4343dbcc21d98163bde655c0b4ccafc8aac9374bae9e205aa4f2f
web/samples/WEB-16_nemotron_ultra_guardrailed_pass_2.json,e20dc50cff430a363de5667f79d1584e184a348318e3de82f576b3b5fbf061c8
web/samples/WEB-16_qwen_local_baseline_pass_1.json,f3410c41eac2fe3a2e5e8fe93fa03cdfc629370f28747fa91985716441b41e22
web/samples/WEB-16_qwen_local_baseline_pass_2.json,c0a165c4ce4bb8aba7d0535e9285e9b5b14c8497eccc5c1a878e6f9392de2bcc
web/samples/WEB-16_qwen_local_guardrailed_pass_1.json,6dbd0c670980e0ecbe7659ba0a3ef61b56d020f51b342c2116c1d9d9bacf029b
web/samples/WEB-16_qwen_local_guardrailed_pass_2.json,2c2d07e190c08acef22201fa8c126d791702ffc8b457c8c52cfda15df1a5313b
web/samples/WEB-17_deepseek_v4_pro_baseline_pass_1.json,ae7cdc1f61340ece199936abe1720a865941d137d89baca80b5826c8020dc07f
web/samples/WEB-17_deepseek_v4_pro_baseline_pass_2.json,f1ae382c63272ff326dc77157ccb921d7c7a61c8901ea2c0e0462ceeda1348a8
web/samples/WEB-17_deepseek_v4_pro_guardrailed_pass_1.json,fbcf7875f637f986c7cfa905753e153b9464170df0fa6be92cc709f325440111
web/samples/WEB-17_deepseek_v4_pro_guardrailed_pass_2.json,4751cb54125b5ea23daafaca7d8391fc2b5bfdb4c7ec189f12aeb7124c7ddcf7
web/samples/WEB-17_nemotron_ultra_baseline_pass_1.json,18f2200cf7b52794790bf9843f554eea81bcce6a9d941063b9e1ed3ee8e4c3b0
web/samples/WEB-17_nemotron_ultra_baseline_pass_2.json,16021bf86a72001ab4a89c31859defaaba9f47545fa2896990c2fd7dd32d43fc
web/samples/WEB-17_nemotron_ultra_guardrailed_pass_1.json,b3cf2ea53cf88bb556e1610a05401c9c4e43acfe6eef786b24bb27cd4abd35ab
web/samples/WEB-17_nemotron_ultra_guardrailed_pass_2.json,7bf80581c7a13aca6bdd6774a8ad6a0b8b60bc8f26513392e059dc3110692e36
web/samples/WEB-17_qwen_local_baseline_pass_1.json,539769ef6324b0c2e9ec3ae0249d221fa04092aa39f74864582849276db90cb8
web/samples/WEB-17_qwen_local_baseline_pass_2.json,f5a17b1d22e504b3cffd4e5bc28f74a5eb73c2db284deb0eb8f48a56ebb48300
web/samples/WEB-17_qwen_local_guardrailed_pass_1.json,3c10218f58c8b6488b188b39340fa45d13c69315c8aa66cd7bf4039168140e8e
web/samples/WEB-17_qwen_local_guardrailed_pass_2.json,fbed59f9d2e054beec934ff3adf35dbdcf7a91571f0640f2875f65bcc8df1f70
web/samples/WEB-18_deepseek_v4_pro_baseline_pass_1.json,4059c08853d2ae0152815a370debe02cc2bdc449a979be10ab7f47e46f2fd9a2
web/samples/WEB-18_deepseek_v4_pro_baseline_pass_2.json,4f9aa61124ee176156bd524aa2c9755e8cb1bb69d4ba0ef25fe55e3c8cb24776
web/samples/WEB-18_deepseek_v4_pro_guardrailed_pass_1.json,1d8f439b145b340ae2866b8cf1d28b1726ba63db640a8a01811844b72d3727e2
web/samples/WEB-18_deepseek_v4_pro_guardrailed_pass_2.json,a6bca482a5c98f01a0ad0556da04da49b93bc3d2d9230206f5cd28a2cd5f154c
web/samples/WEB-18_nemotron_ultra_baseline_pass_1.json,1366a77b287769b947dd68286c49642160b72c3670616730fe968c227ca0e862
web/samples/WEB-18_nemotron_ultra_baseline_pass_2.json,e719d278faefd0e5eaeec771ff12ef8e0e5b550263f4872d248b13bbf0e49760
web/samples/WEB-18_nemotron_ultra_guardrailed_pass_1.json,4920943dc8f87b09bf10f10fa9bc5fb430ed0a07cbc0a1b8e32adb5731e7d6ba
web/samples/WEB-18_nemotron_ultra_guardrailed_pass_2.json,4845521904f968f5fc4ebc61526815f53055eae9ae58ed5d02137351ecc3786d
web/samples/WEB-18_qwen_local_baseline_pass_1.json,b8f997ba115cbdc6f5309a630a1a1d193caadde35adb66220eca5bc5128d31c7
web/samples/WEB-18_qwen_local_baseline_pass_2.json,3a829571559d7e5effd27501233d73c5391a9e8f18899be8c1215cac3258a72e
web/samples/WEB-18_qwen_local_guardrailed_pass_1.json,8e1ac8d2fb270d87559a15b7b1f1405a236691746cb8d3440c36390d7fd7385e
web/samples/WEB-18_qwen_local_guardrailed_pass_2.json,02d56aec7f66f03f37bc739dd8f513d178db726dfe73a3e54d6a1ddd447aa75a
web/samples/WEB-19_deepseek_v4_pro_baseline_pass_1.json,ed31dd8aae228ab52a73197290accd03779e05ad39b315c3904ccf18688f926a
web/samples/WEB-19_deepseek_v4_pro_baseline_pass_2.json,1e274c4e80dab5d692d4a9f599f1ab2a539272cf2cfbac2d0665c3a38c48104d
web/samples/WEB-19_deepseek_v4_pro_guardrailed_pass_1.json,4b91c87eed52edbc89c5c2c4a3f0af9bad99d8191e18f7614828b837d7102c78
web/samples/WEB-19_deepseek_v4_pro_guardrailed_pass_2.json,f856586c2fb3b715c0dd2f9b52872f4461b576f4f9694116ab4362d99201d6ea
web/samples/WEB-19_nemotron_ultra_baseline_pass_1.json,204afb8daa5f63ec62ec0c3430a053dbcbded87c5d2148876ad27fc3ee1f62bd
web/samples/WEB-19_nemotron_ultra_baseline_pass_2.json,51ec57802c63d006fe64646393f73c12c71f43a48b58e2ba8b6e2d1f9f7d0947
web/samples/WEB-19_nemotron_ultra_guardrailed_pass_1.json,f63028cd38d9ed4f569d7d843de22a77900baef5393cb1281c66b4e1b6fb166e
web/samples/WEB-19_nemotron_ultra_guardrailed_pass_2.json,f820187f98882c9700e8b827da6db18df1fbb9a2a782d04c148a2d26017a9d89
web/samples/WEB-19_qwen_local_baseline_pass_1.json,dfdc5e5e1acd1d41f52a5f94135c7177f1cf6a95c59845c122f428f82b99af28
web/samples/WEB-19_qwen_local_baseline_pass_2.json,1a9b0facd398b7d42a296d0aac5f04892f8868e54be3572978442e5ff0107618
web/samples/WEB-19_qwen_local_guardrailed_pass_1.json,e8b567212aa3f0998e45b7af92c95a83181e9a206f06222254a6034d53d6256b
web/samples/WEB-19_qwen_local_guardrailed_pass_2.json,b9acccaacbe2de1fa139c558c4737260ebd9ea3ee659e27cd71c196687a9f724
web/samples/WEB-20_deepseek_v4_pro_baseline_pass_1.json,795adc2776f16bc4a8444a974589ed98d2fd25194f47d0f9927ffc7b4886f139
web/samples/WEB-20_deepseek_v4_pro_baseline_pass_2.json,c0cf72c8580c19ecd963be257fc100a605c153ee1a57171553286962c6c82f6b
web/samples/WEB-20_deepseek_v4_pro_guardrailed_pass_1.json,d072c9b39ff40306ef78b2c27904116446345afac7f2ff2c1e90014c62ab896d
web/samples/WEB-20_deepseek_v4_pro_guardrailed_pass_2.json,0e839ca596cb296a22b9c40423327b53fc8d188906f2d74556b4c74bc61e8452
web/samples/WEB-20_nemotron_ultra_baseline_pass_1.json,42f42e126d97607229a371b2b876c113a26ac2c14b1b04964c9947098bec2d42
web/samples/WEB-20_nemotron_ultra_baseline_pass_2.json,b5f6cb40d61e0cf9b3efd437c8da8b1ae05cd89a6c2a28a060c8226ed1671054
web/samples/WEB-20_nemotron_ultra_guardrailed_pass_1.json,16a360d5498eee8248cd6d118bfeb5b77e3b69a900f5b39814ae73f733533006
web/samples/WEB-20_nemotron_ultra_guardrailed_pass_2.json,a39b2a48f075773fa98640764a5bad05b6cd1936834c4e1c817aea6ca5b841b1
web/samples/WEB-20_qwen_local_baseline_pass_1.json,e7887e604cabd0aa83d5443a743aeea904d9bb2eb1a9eab482a421d039d5b77d
web/samples/WEB-20_qwen_local_baseline_pass_2.json,d8b16bf0f4f733e474b48fcf25b1352cd6fa1833779db61933781fef3b71fb0a
web/samples/WEB-20_qwen_local_guardrailed_pass_1.json,386098dc030bee646f3a254d3d4a215c1e809d4e657a377d95f8ffff7228baee
web/samples/WEB-20_qwen_local_guardrailed_pass_2.json,3b5f0903421badafe86e88b1e549a1f3c6057c48f06cc2b205133548e8f7f2e7
web/samples/WEB-21_deepseek_v4_pro_baseline_pass_1.json,5c47d26f380090cc12c7cb61710cb5eac8937c4267e5cf38420683f0fd653176
web/samples/WEB-21_deepseek_v4_pro_baseline_pass_2.json,f481b54f281b77b3656c2ca2c46a38569d41abb75a2bb02da47c6b32f991949e
web/samples/WEB-21_deepseek_v4_pro_guardrailed_pass_1.json,a60833393e222797b40905d5c4ef3351daf70ac9fec371547f3dbf9fdafdc28b
web/samples/WEB-21_deepseek_v4_pro_guardrailed_pass_2.json,e3699d4af8d926082e964262170eebc089827ecc0f72a955bad4e022f5b23b57
web/samples/WEB-21_nemotron_ultra_baseline_pass_1.json,ebf3b68a0b8df1c328e4c039023e2e9ae249975b5b9da769e24855c47ce284fc
web/samples/WEB-21_nemotron_ultra_baseline_pass_2.json,c89e720bdd58fb59ff0fe0339f8a3439fd0966a242e24cdcca5dc542c1406f40
web/samples/WEB-21_nemotron_ultra_guardrailed_pass_1.json,d600e5a96260433afdabaffdc314ff2fe0a0ec63bd44e80bd4fd29197aa939f8
web/samples/WEB-21_nemotron_ultra_guardrailed_pass_2.json,462fb84e7bf344112fd0281a22cba06181dfd12b063ce7447e6c38995a815b57
web/samples/WEB-21_qwen_local_baseline_pass_1.json,82a7412dbcc2262a7fb2752ddac37dc4cd9e0b498b0c8db16efcd58c2c7b078f
web/samples/WEB-21_qwen_local_baseline_pass_2.json,b7f7b048854e58ba7896dde77c4af61c0ee0f2c36a0622ca473fc4c797d642b0
web/samples/WEB-21_qwen_local_guardrailed_pass_1.json,d8a03a10e246766910be6a85efc1d58af6a192fddf8ce93438ea2f7b4adf3621
web/samples/WEB-21_qwen_local_guardrailed_pass_2.json,867ff46efe7aea2321dd400322c3b067710adda19c5842e173fce98347711b18
web/samples/WEB-22_deepseek_v4_pro_baseline_pass_1.json,e49a292c161baf1d46a4bec07878a9d2fc2a3d56aff1eb0fa92ba63e3eefadab
web/samples/WEB-22_deepseek_v4_pro_baseline_pass_2.json,f1d398f37073fb1665f33ae90045745e3d51c36d3353fd87c6d5382beadde2e2
web/samples/WEB-22_deepseek_v4_pro_guardrailed_pass_1.json,96b042dab65cad9a4f94352f1c1c47314e63ce9b1c3c6eabbddd2ea4885209da
web/samples/WEB-22_deepseek_v4_pro_guardrailed_pass_2.json,420ea917563b8ff66fe666c3f46693e697c90727608a5f9d7c82866194507384
web/samples/WEB-22_nemotron_ultra_baseline_pass_1.json,a62c61db323ac45ba00b8761b6fdb87e740dbe257e6861e652bb97a220ae0335
web/samples/WEB-22_nemotron_ultra_baseline_pass_2.json,2d0c770a37e0165653061db2ad924828ed50f9cf73738f1ceaf2d49318f5d35e
web/samples/WEB-22_nemotron_ultra_guardrailed_pass_1.json,10ef4c7a1530615815f539709005f52803beec504eac81a47b468b203fb0a5dd
web/samples/WEB-22_nemotron_ultra_guardrailed_pass_2.json,29eb28c63fa4777f424fdcd05b34a3baff0ac86af61dc75242ad6fc67456d536
web/samples/WEB-22_qwen_local_baseline_pass_1.json,39fc0f492b6cdd8f9cb7843c01bdf09aadc9788c0a038b82fdd3396933056cac
web/samples/WEB-22_qwen_local_baseline_pass_2.json,412296db704c40071266b6bb23629dffa0274fa2faa28738bb382c3357b9c2a0
web/samples/WEB-22_qwen_local_guardrailed_pass_1.json,0babbbeebf2b03754495200f9cccf18c0e836dcba836a35431375245ac521831
web/samples/WEB-22_qwen_local_guardrailed_pass_2.json,f65164850c99c41537312d8c19fccb21a3c9cea0cf9432657a25a75b1d1b3906
web/samples/WEB-23_deepseek_v4_pro_baseline_pass_1.json,682a9f183b33d2e7ef015d7adb4098af0d63825a1a99f1318cb47a19adedbad1
web/samples/WEB-23_deepseek_v4_pro_baseline_pass_2.json,65dd9e133ce7bda6849859008c15349f72649e3ecf3cc0206c0ccd0ecd461298
web/samples/WEB-23_deepseek_v4_pro_guardrailed_pass_1.json,0088032b2fd176b354dfa8d457d3263b66b237416e0881b01c60979a579cac2d
web/samples/WEB-23_deepseek_v4_pro_guardrailed_pass_2.json,34f2d0fce69d27fd49412bc24dfb2dee4d76d0c9ce36693348e7931658933011
web/samples/WEB-23_nemotron_ultra_baseline_pass_1.json,261d635c6d1566f221b38b6be1067eec43a75783880b2c143a72464e0aa7216e
web/samples/WEB-23_nemotron_ultra_baseline_pass_2.json,50708a48c64ade22fd4b58cd57839c75c6a3be2a16e13e65f4872d42245c0fdc
web/samples/WEB-23_nemotron_ultra_guardrailed_pass_1.json,8f317482fd02f80ddd9e4a96b6f9f6e7a537a6343e0db1250a979e876c08aa9b
web/samples/WEB-23_nemotron_ultra_guardrailed_pass_2.json,9acdda5af9dfc548be5eea8bf1fa58e61cb27906f487812a30a74a9efc8617bc
web/samples/WEB-23_qwen_local_baseline_pass_1.json,c627a809eaeccf9db527a9fc77ceadf532617afecd204c6ed4a214e67b9bf792
web/samples/WEB-23_qwen_local_baseline_pass_2.json,47c1e7043c3da7e2c189b0dc8752aed48ce8a4c1b8970908b44984729ad8eb86
web/samples/WEB-23_qwen_local_guardrailed_pass_1.json,7829c734dac6bd19148d53eecd7f8361a244e8fb34862bcc61885b23c663f4f2
web/samples/WEB-23_qwen_local_guardrailed_pass_2.json,30b3eac661e517e7306a9211e86a3863b02e0e4b394ecbe65e78cc48b9a10a70
web/samples/WEB-24_deepseek_v4_pro_baseline_pass_1.json,e8e6a397d919bf300a0b7bd5e9a03e993f7bd773fe26483e463c93e3d3c293af
web/samples/WEB-24_deepseek_v4_pro_baseline_pass_2.json,cbe5aa3c3ef79494cd120611b865a393dd87a347e8d12cec69569058c0b82257
web/samples/WEB-24_deepseek_v4_pro_guardrailed_pass_1.json,b5a4b21af3c8fb6ed8112fc6d58fb3b185ee669c20adbf8858059f8a72262ca6
web/samples/WEB-24_deepseek_v4_pro_guardrailed_pass_2.json,a68c9b543cca551360ddabe59dbc3fce0e71a5fc9856286d8a863cab959b531e
web/samples/WEB-24_nemotron_ultra_baseline_pass_1.json,a6b3eef8c58ea29047ee69ce5a85f5e59f007760e4c10c43195d75f2c161ec65
web/samples/WEB-24_nemotron_ultra_baseline_pass_2.json,898bd96b992f433c7a81f93da533d2656d8f3612127c5f026c48f25ec2899b2f
web/samples/WEB-24_nemotron_ultra_guardrailed_pass_1.json,fc9f3da1daffb0a9e644db6e5debeb0893b946aaf8f6a26d887b5181e885f4fb
web/samples/WEB-24_nemotron_ultra_guardrailed_pass_2.json,0836e8234f60571fd822c732e91b792aaf257a109743814a37c3936f92fee393
web/samples/WEB-24_qwen_local_baseline_pass_1.json,75f477ac856fcb01827d3730221a825e39eb021bc11954bafcb3717409871894
web/samples/WEB-24_qwen_local_baseline_pass_2.json,1fa41b302ee2ef739b9f86ba5c95e36c0ae95b7c18390e5dd7dcee1ecaaa2ee8
web/samples/WEB-24_qwen_local_guardrailed_pass_1.json,9ccaec76963344f89c17e1d048f280a69fc2578ae231c0ef2bed4f564ed16101
web/samples/WEB-24_qwen_local_guardrailed_pass_2.json,2d87b36450aa5adec0b0a79798874a19bd0292d34c502c8971e85b2d6020ded9
web/samples/WEB-25_deepseek_v4_pro_baseline_pass_1.json,74a35adb8946e28bb690d373eb0cfd49e21d485cd05236ae99bcbaf8d629bc3f
web/samples/WEB-25_deepseek_v4_pro_baseline_pass_2.json,7b8f419ccd210b0823d8ffe11e720aebc64b3da1a09ac46de4e9e0169ea6be35
web/samples/WEB-25_deepseek_v4_pro_guardrailed_pass_1.json,ee119b4c8e7056696aff02adcccf960d269e1455e7649c4597634da98e5b93d7
web/samples/WEB-25_deepseek_v4_pro_guardrailed_pass_2.json,ecb76f1ce1085e84bcc148c391427bb30bef058dfc28ba0f851d3f093e78dbeb
web/samples/WEB-25_nemotron_ultra_baseline_pass_1.json,977db7805708af4ee73841e01073c38e4d8bf4b024bde6d1afadfc0a5005088d
web/samples/WEB-25_nemotron_ultra_baseline_pass_2.json,5361d0651d7b41b812bcf7613791e872a635fdabc01c246c907897e5bdff46e4
web/samples/WEB-25_nemotron_ultra_guardrailed_pass_1.json,d882da229d17e485118530a32c5fca55191a763596ff9b1fcfe4755384e2c627
web/samples/WEB-25_nemotron_ultra_guardrailed_pass_2.json,ba85d0b99f224a272b2ddf0f7760cd25948fee0761ca6ee8982a233b00dbe5d7
web/samples/WEB-25_qwen_local_baseline_pass_1.json,1e8f1f2c7356b57f157464ed3e9798a69333bc5d3bcf52efd3cdb26ffe2da4eb
web/samples/WEB-25_qwen_local_baseline_pass_2.json,b3be4ce164f14f13233b7b3b0fbddf38a2c99d26ad29393cd5040470ccdefe5d
web/samples/WEB-25_qwen_local_guardrailed_pass_1.json,9ee070002c7d3c8497e57470a47cc1fa4681bffd573906cc80ead05e9bb1b58d
web/samples/WEB-25_qwen_local_guardrailed_pass_2.json,fef36affe481bc2c49ef0cb4918dd2e45873dfb89fe970656710775b96864bd7
web/samples/WEB-B1_deepseek_v4_pro_baseline_pass_1.json,ebcfc0550545e60818937dffceffb960dbbbfa24b1fc858c6f24b3414a6561bb
web/samples/WEB-B1_deepseek_v4_pro_baseline_pass_2.json,0ccf02bdc0091d3b88878b7d002cc577dc3bd354ff5f3a5cb860930d5737073e
web/samples/WEB-B1_deepseek_v4_pro_guardrailed_pass_1.json,1b829d1becad9b4ad9c95832a317059dbe999f24fcb34a3ae5d42cde989a975f
web/samples/WEB-B1_deepseek_v4_pro_guardrailed_pass_2.json,0c3e63299e13ef078a9d92ca5ef991c1ffe141af86cc309d7b15612bfbc6681a
web/samples/WEB-B1_nemotron_ultra_baseline_pass_1.json,b9d6c27e51ebf68b589c951550cd641496c337e7a3b712149802b2469e5d2893
web/samples/WEB-B1_nemotron_ultra_baseline_pass_2.json,d2b705161462f454ba6376413b2ff1de9a2441fd5b6cc72aa8d81c73f6e79cc1
web/samples/WEB-B1_nemotron_ultra_guardrailed_pass_1.json,4f76df886a90a50cadd5c7188d699c905d7ae59656a4b3ef6debaa000f643360
web/samples/WEB-B1_nemotron_ultra_guardrailed_pass_2.json,fc087050bcdff5f864696aab312172a88be25ccd354acda56303cd1851108d63
web/samples/WEB-B1_qwen_local_baseline_pass_1.json,ecc60d4bde43fc55d34291e35b9e16857d0d4e97e8e99aa15ef39208af4d0a20
web/samples/WEB-B1_qwen_local_baseline_pass_2.json,f1d5177f808c1304f7dc12c814a5381fe256732ccb49f48ff7a7d2925f156b50
web/samples/WEB-B1_qwen_local_guardrailed_pass_1.json,9debb9822b9f9020771e9b4ba3ed0aec8703c1d60597efec0cb5a01fdb52cb80
web/samples/WEB-B1_qwen_local_guardrailed_pass_2.json,4788dff3bff1737f7529f92882754a99c2677ba29dbacce20915408f95d2256c
web/samples/WEB-B2_deepseek_v4_pro_baseline_pass_1.json,3d7fb032535073bdd097060c30ce55db08144313f3ee937a089cc973820147be
web/samples/WEB-B2_deepseek_v4_pro_baseline_pass_2.json,3d28658eab00144c54928a22c9f13b0e87311c00ccbabb93ca7057cefda0462f
web/samples/WEB-B2_deepseek_v4_pro_guardrailed_pass_1.json,09680cd1504af339ed08f695066bd94dea8566bf7262b657a223328e49f72e26
web/samples/WEB-B2_deepseek_v4_pro_guardrailed_pass_2.json,2317f13f41261247cab2be73957f5cf33d9a1c640cf2d4519eeead8adb7b81d4
web/samples/WEB-B2_nemotron_ultra_baseline_pass_1.json,302489e9a0828c66ea1581d4520ccc9c7f1d92d738e0a770c4a39e6e124f4a90
web/samples/WEB-B2_nemotron_ultra_baseline_pass_2.json,fae0026ff093d795a8d688cab831e71c3ffe72e72db22f7adddb9aa212afbce6
web/samples/WEB-B2_nemotron_ultra_guardrailed_pass_1.json,6be3955e4b3963511601cede1965093603e17290609fe64bddac978002898077
web/samples/WEB-B2_nemotron_ultra_guardrailed_pass_2.json,93ca8f211d4727164d8fcf41f71cf6859b07a2c4f3c5ce6c982f8a00fc1553eb
web/samples/WEB-B2_qwen_local_baseline_pass_1.json,b8440cb78d3c389189d2df0f6edc03b6a1d2c0ea25414f4438ab9ce88bef5d3c
web/samples/WEB-B2_qwen_local_baseline_pass_2.json,b378e3abf3dcb2d14df1b292e413b17ca86901a833a2dcc5c2356965355ddfcf
web/samples/WEB-B2_qwen_local_guardrailed_pass_1.json,14c451413c29b5df698b3eebd024945236e6d70f62700fefd198e3e184efb245
web/samples/WEB-B2_qwen_local_guardrailed_pass_2.json,c0fb8675442847633d284847404a956cb28c1b0ce336160c86187a46a4309ae2
web/samples/WEB-B3_deepseek_v4_pro_baseline_pass_1.json,0386bf38d684b4568fe8db4f8f826894c03b37ed40a0db05bd7defeb01c9979f
web/samples/WEB-B3_deepseek_v4_pro_baseline_pass_2.json,288fd0cb185f871fb50a892fa541a7411dd5e42dfa8d6d90bf815127b45d5b69
web/samples/WEB-B3_deepseek_v4_pro_guardrailed_pass_1.json,a4aa4ff1e26b8e04900285810ab8e43eb099fdfe59d4191744504cbe0aaa90a3
web/samples/WEB-B3_deepseek_v4_pro_guardrailed_pass_2.json,8d3ba7f564ceb561b941472c105850e0bfeebf7092c7f9d17c4c0e64a6093675
web/samples/WEB-B3_nemotron_ultra_baseline_pass_1.json,c48efe2b03861175084cb8dd4875497ea82095852c26ab3b29008e3e1546a9be
web/samples/WEB-B3_nemotron_ultra_baseline_pass_2.json,f3376e2cdc149a957e60984e8fdeba64f0a60ccc546d2ae44b509bce7b5e3b61
web/samples/WEB-B3_nemotron_ultra_guardrailed_pass_1.json,7c4656ad4a90cd8289676791b084b08cf2c0cb8d25fd69e3c1f82886afbbe6ab
web/samples/WEB-B3_nemotron_ultra_guardrailed_pass_2.json,229a252647fcca05f5648952b3da3392fd1a5d4e90247733b49cb6c53898d63e
web/samples/WEB-B3_qwen_local_baseline_pass_1.json,03ca43a840094200610df488e4dc584590cebcd8eb5e4624a24a8654d5f62aa0
web/samples/WEB-B3_qwen_local_baseline_pass_2.json,f18e8d62e488c43a543aa351b2052757c0a98f50d6f89ba6d380e5c196fe5d16
web/samples/WEB-B3_qwen_local_guardrailed_pass_1.json,874ecb500727c1bf6c555843f380a96bf39bcf9a53f4e6ab50ce41e19c879021
web/samples/WEB-B3_qwen_local_guardrailed_pass_2.json,278539ff784322854bd39a4916fa258be9cbe098eaa0a21be3adc6c5b6152d27
web/samples/WEB-B4_deepseek_v4_pro_baseline_pass_1.json,9d2477cb0a01b4931c5436f12b5f94a5443f21f924216825a06c1fb6519fd099
web/samples/WEB-B4_deepseek_v4_pro_baseline_pass_2.json,49dd75393a30eb942f944a4394a52a6300b5154ff2c3dbec20e0859d5e0b3501
web/samples/WEB-B4_deepseek_v4_pro_guardrailed_pass_1.json,73e11de0d23bfa65725230020cce56a46b5128a7bbdd6398e3d5437d89bb9648
web/samples/WEB-B4_deepseek_v4_pro_guardrailed_pass_2.json,e025c328c4d0d398fb481f51b9d66fbd9ce474899e3a7a9f91be55c27dffd940
web/samples/WEB-B4_nemotron_ultra_baseline_pass_1.json,5def4590cf4d84b66ffcdcea20aae948f4fed7125d44c4fb8c8de8a68affc36c
web/samples/WEB-B4_nemotron_ultra_baseline_pass_2.json,c66235aee5fa260c6fe48e6b68bd620319f626e522f92ef343aea9a9e056b56f
web/samples/WEB-B4_nemotron_ultra_guardrailed_pass_1.json,152c67360d1573843e9a32b21ce1e610dd757ed1347641ab22c6b952c220fa5e
web/samples/WEB-B4_nemotron_ultra_guardrailed_pass_2.json,5c443fb0d90b7eed95a5cd1fa69e65e2a626a5ebf5274ad49a8459dbd775ad61
web/samples/WEB-B4_qwen_local_baseline_pass_1.json,c1985e43da03a212912572b8602bf292ceb0fa7dcfdb4a1dba996c7876e246e2
web/samples/WEB-B4_qwen_local_baseline_pass_2.json,56a797d20391a70c7678a792020d93847e1d7c953ae192b136a7feeea20a5854
web/samples/WEB-B4_qwen_local_guardrailed_pass_1.json,561961628d325c072c0732f9436aaf5413f0acd6d9345a4413d739dded806080
web/samples/WEB-B4_qwen_local_guardrailed_pass_2.json,8142027a7db79bf71fcf167335b69e37be471ebbbb71ff5dbc65ca8c754f03a8
web/samples/WEB-B5_deepseek_v4_pro_baseline_pass_1.json,c5818e3336bce5df593afe31b8292baaf2a9caa33b5ca0e90680f766d80b9021
web/samples/WEB-B5_deepseek_v4_pro_baseline_pass_2.json,c44b0059e1ccc88a95b78e587fead91c0367a701659b9fd75de7a9c4f9db986c
web/samples/WEB-B5_deepseek_v4_pro_guardrailed_pass_1.json,3e808db58e244312ee5545db40c528aec31c3472a9f1b631f6e46a18664387af
web/samples/WEB-B5_deepseek_v4_pro_guardrailed_pass_2.json,144f0837a88a02b3bac7231a9b5dbbbbc4c0f7b9e81f21b11669c76866586272
web/samples/WEB-B5_nemotron_ultra_baseline_pass_1.json,39a30242ffc826b690e7ab247dcbe9dedb9941ce23322c5454ae67bbe26cf7c4
web/samples/WEB-B5_nemotron_ultra_baseline_pass_2.json,89de3d5fb3f5b382a6d2a27027337a28ddbf3d2a6d47ca03b012ad727c79982a
web/samples/WEB-B5_nemotron_ultra_guardrailed_pass_1.json,f84c0a63a9c56a3aedeee072a77f45892fc4534d6c6695d3dddab0d5f7d3e57a
web/samples/WEB-B5_nemotron_ultra_guardrailed_pass_2.json,3ea38083dc23eb51f528b338c28e0c5480218f4ff07acc350ec767b6b33ec2a8
web/samples/WEB-B5_qwen_local_baseline_pass_1.json,206a2754bcbe0573c80796e07d0daae35c083e562381c538ee716707f48b3788
web/samples/WEB-B5_qwen_local_baseline_pass_2.json,84fb4d285f3ce22629f7cde3668a20f94e1cc4ddc51b83671322482c2863ac2b
web/samples/WEB-B5_qwen_local_guardrailed_pass_1.json,b7920c35c4135386e5fd9ab622d59b59859f2ed0fd7d51006fe8bf9c9262b4a4
web/samples/WEB-B5_qwen_local_guardrailed_pass_2.json,282682bf741fb33994722bcf8447fc846e446c0dd50e54d837a018f2b59093ca
app/samples/APP-01_deepseek_v4_pro_baseline_pass_1.json,5b4c5ea9ffc83022f2438e53c7390a1a68a53d40d768717995a3eda8a5310714
app/samples/APP-01_deepseek_v4_pro_baseline_pass_2.json,4a9dc734c8fbd438d9e0231e28b699d2989ab428bd4a15f9efcb1bf589033fc9
app/samples/APP-01_deepseek_v4_pro_guardrailed_pass_1.json,2a19ae22a7f581701f46f9196324f1f2ce45b770ad1896fc0b21ff134d25c0ef
app/samples/APP-01_deepseek_v4_pro_guardrailed_pass_2.json,12ab0c42022c99456935386894b021b25d6eb3e2a53febc1f5dcadb1c9f927d6
app/samples/APP-01_nemotron_ultra_baseline_pass_1.json,e4ed365e4be8a4d3719f295c28e15141c8ed7d928d1747c35acb80aae1261a7d
app/samples/APP-01_nemotron_ultra_baseline_pass_2.json,c75cb2d5524b992c28bff9785e909092df6abb3abac4075a0eee28947ef4b11b
app/samples/APP-01_nemotron_ultra_guardrailed_pass_1.json,1c5999a6d8db88c0a08532a80734d5fcda0ea4ec644d8843952baae26e833d18
app/samples/APP-01_nemotron_ultra_guardrailed_pass_2.json,8ec910caf9270838cbfe8799d0143eccead16a27a55cf3c523e2286803e5e086
app/samples/APP-01_qwen_local_baseline_pass_1.json,166c00bb50bb9e28cdc985d0a54ddc01b9fef1ac984dd7cff2c797801a08657e
app/samples/APP-01_qwen_local_baseline_pass_2.json,7090e301ea7a97c207a0d2f52372e79bf3f1f5c46c68bcef2f5e2bcd15beb103
app/samples/APP-01_qwen_local_guardrailed_pass_1.json,72a9791eed0c71fb493004e9bd592e22d4844ee3fbb598cb0b85cd24a7b7c4a0
app/samples/APP-01_qwen_local_guardrailed_pass_2.json,0e9baabb85aec8d9af9581a91af876789e61d423f7aeeff77d97a5c1cd7e0eb4
app/samples/APP-02_deepseek_v4_pro_baseline_pass_1.json,b0d0aab274a19fc53fc7893c49a53aae78d58f0568f58f73dd28fa073328c0e5
app/samples/APP-02_deepseek_v4_pro_baseline_pass_2.json,36ce95d73d27b739be91a2bd5a5c42a7b567863ee3267ab0b2ea91272356e4d0
app/samples/APP-02_deepseek_v4_pro_guardrailed_pass_1.json,4845b7b5c94e931d573495bec39f53c277f48b0b4ce6a489a1cb4988de2ae7e1
app/samples/APP-02_deepseek_v4_pro_guardrailed_pass_2.json,78f2cb104b7328cebeae809391b6bc698e879040110030060cf12c527c08dcce
app/samples/APP-02_nemotron_ultra_baseline_pass_1.json,82f9c9ff32973f5c96c6bf1395007e9204bc72d35dd6d5afc2fab0e060f4ebc5
app/samples/APP-02_nemotron_ultra_baseline_pass_2.json,2643e1dfe49dd86a8c8b157ff4e9357a3529d7f6ffaf93f47c0dca4147a3b83a
app/samples/APP-02_nemotron_ultra_guardrailed_pass_1.json,f7fe5d7b644b68c6859f92a892a3547a0f97ffa6e0d99324fea032a6532fa776
app/samples/APP-02_qwen_local_baseline_pass_1.json,ab181d67c56f7925bde1b26bbcbcf2adf0364302c3aa08fce867e66cd6913d5a
app/samples/APP-02_qwen_local_baseline_pass_2.json,8aa00a25adf8b17b5bf6a1842e36a3bf15844c635439020a62558b64f37e7a6a
app/samples/APP-02_qwen_local_guardrailed_pass_1.json,79f5868d73e1aaac5115b1f0e380ccace0ebfb6990a4797302e483890d011dfc
app/samples/APP-02_qwen_local_guardrailed_pass_2.json,9ad9fc9be67cf3bad6e51d226509663d7e53675c1a5a441b3dd9c1648cc1c6b7
app/samples/APP-03_deepseek_v4_pro_baseline_pass_1.json,9e9dcdd676ee7ab72ab21f005d4ed315d76dfa0782255765462f98aad4a4f1f9
app/samples/APP-03_deepseek_v4_pro_baseline_pass_2.json,47d916afbe724710ef7a1869c5c5f4c001ce899cdc3cb0c3f1ff335eecb1dedd
app/samples/APP-03_deepseek_v4_pro_guardrailed_pass_1.json,2a8cc28a912faf925a096e20b665824af15d3498c7d968bf841fc687edeab91a
app/samples/APP-03_deepseek_v4_pro_guardrailed_pass_2.json,56ddbf9d36066daa14b043ee93d4875da2e7eea5d7327447074f58ff9fe54757
app/samples/APP-03_nemotron_ultra_baseline_pass_1.json,316fcd7365f5791ad4989b157f24490d03577ec5a3c31176926b0d167ab5a6a9
app/samples/APP-03_nemotron_ultra_baseline_pass_2.json,00fbdc875a8b962ceeeb9fd744a680d5eaa8e5e253972004d8f1ade067954f70
app/samples/APP-03_nemotron_ultra_guardrailed_pass_1.json,ced80929b6e5a4083ac4f5529e19b072a7fda23b632b362ca6c37342967ff9ee
app/samples/APP-03_nemotron_ultra_guardrailed_pass_2.json,f34ecacccb0603d05f62e4bd756a1e1cc1409ef693e2e24751b32ef2a810a9ea
app/samples/APP-03_qwen_local_baseline_pass_1.json,7af53e420ba66b1a5225de39c483459ec826cce2ddcd36ee801bed64c91c6081
app/samples/APP-03_qwen_local_baseline_pass_2.json,b8268ea5bb6ec7885750c75cfe16e1aa48145d5736b97b6108af4d1cd6250a07
app/samples/APP-03_qwen_local_guardrailed_pass_1.json,2e076f27d73e340189d602ddc4e6007b2900638c2df7d17f073c9f233afc3298
app/samples/APP-03_qwen_local_guardrailed_pass_2.json,73868fceaf4ce6613494047019c507ab1898489ad4bc82386f8c3c1a0c8cd4d8
app/samples/APP-04_deepseek_v4_pro_baseline_pass_1.json,505ea30d2245ce20adea5980172cd7ed25f7c1a7013054cad9bc4c8e0424d5e6
app/samples/APP-04_deepseek_v4_pro_baseline_pass_2.json,9f4be539eba23ab110353047dd80867165d5de1454c6f9f906cfc101c2fefc68
app/samples/APP-04_deepseek_v4_pro_guardrailed_pass_1.json,632e11bd4c02d9b03e8a71e993325d451df5bee25ca8f084cc9c202c888e61f0
app/samples/APP-04_deepseek_v4_pro_guardrailed_pass_2.json,3108cf9e7b88d47c45755fdd788ad4cfc49c68df1f0d7426ebd87a5f2d55b7b3
app/samples/APP-04_nemotron_ultra_baseline_pass_1.json,fbd401131c0caf728e4236a29e63efab028aa9ca9a936e6188ae580b7d688b61
app/samples/APP-04_nemotron_ultra_baseline_pass_2.json,21c13972241af533512d41d6cb828acef4ca42c8732eb9afa8d891948674c7bb
app/samples/APP-04_nemotron_ultra_guardrailed_pass_1.json,ad6b03386ec299ba6895204f98368d4be34c25cfa18fd49904c5ed4d727e668f
app/samples/APP-04_nemotron_ultra_guardrailed_pass_2.json,5ec10ef75802e7cb5a4b2a42bbc5ac77a40d6131773e9aa4b75522522f3563f3
app/samples/APP-04_qwen_local_baseline_pass_1.json,d152beb1db7189bf8190c6d5a134ebcaf2f839e6393523b76809a8ebb3cc55c7
app/samples/APP-04_qwen_local_baseline_pass_2.json,ff03e8ba00b90d92ecccfe097c89f14232f01ec654c742ef06fdbc0f6ca6e1b0
app/samples/APP-04_qwen_local_guardrailed_pass_1.json,cbf9bcb8e1bdcb7e1ec2de39916615d71151fe6b45c436d776e3f481820b2d7b
app/samples/APP-04_qwen_local_guardrailed_pass_2.json,41029805097a98c8fe45b9f817bd7030cf2053b3cea25469563ff23aea0cea02
app/samples/APP-05_deepseek_v4_pro_baseline_pass_1.json,6c34d0bc83241929e428b2c9716381f08f228d010e9c671ce9a1d05470419500
app/samples/APP-05_deepseek_v4_pro_baseline_pass_2.json,0c0a624bd68313c18387fff28f88f109d24871a800dd443f2fcef8d3bd0eaec8
app/samples/APP-05_deepseek_v4_pro_guardrailed_pass_1.json,4566ca1d314ec6f8b46b89355c8f1bbddda88b654db9ee85547a020f5a457751
app/samples/APP-05_deepseek_v4_pro_guardrailed_pass_2.json,f1bc9f4758ac474b439d1412a4dd88aff43d2e514c8fde4d34f423a1eebec827
app/samples/APP-05_nemotron_ultra_baseline_pass_1.json,b81e7489fda602422a181be5823c7666d5fb12e1a0fbc53081e8545ac5348c2f
app/samples/APP-05_nemotron_ultra_baseline_pass_2.json,8d2f50917958e161d91072f81a5c4a3afc7fab214ed007e6f5748078ba4c5d9a
app/samples/APP-05_nemotron_ultra_guardrailed_pass_1.json,9d55983b7fb283b43cf4d025bd1a7ae03fffd33d787d878f86aa59b1d72c7cbd
app/samples/APP-05_nemotron_ultra_guardrailed_pass_2.json,8a8f27de6bdb32949b18c8ff065c2b601e282b4c1b73ab9615a49114101009e6
app/samples/APP-05_qwen_local_baseline_pass_1.json,f4ef153cc33bb39cee95d8c2a0375f2ad3421b7db7cbf2f2b340719f925e0799
app/samples/APP-05_qwen_local_baseline_pass_2.json,11b3ae6192b66a82a68923b40d749997b9df80042e2beae26e7396479e900026
app/samples/APP-05_qwen_local_guardrailed_pass_1.json,750e181bf6b5b6158c65d0e9a1554cebf519fa1b38c7baaf67bfb86e56d8eb88
app/samples/APP-05_qwen_local_guardrailed_pass_2.json,ab40b81d5d3883508044d7ee181731a571bc4fd2d23094d539d3a31b6c255912
app/samples/APP-06_deepseek_v4_pro_baseline_pass_1.json,0731a1c345ed9b4c33eba7ffd3683389ed56f2cdf5d874cff4c81497a1d7d50f
app/samples/APP-06_deepseek_v4_pro_baseline_pass_2.json,2548173ab9f1b1c7709df141258b1e69944c0e8d6dfa3c215d7bf286fa7b2d74
app/samples/APP-06_deepseek_v4_pro_guardrailed_pass_1.json,7cc542217f6a4fce35816ebd308e67adb59c04ac30f1dad78f8f4c45feaceee4
app/samples/APP-06_deepseek_v4_pro_guardrailed_pass_2.json,a67f9084a4f60dd4236171115908e50024b45da3c193904b4615e05bdbc6f467
app/samples/APP-06_nemotron_ultra_baseline_pass_1.json,d4addc6e010144c7ad59223931a799c46f742ee28ed624971ce2b11021dba2e0
app/samples/APP-06_nemotron_ultra_baseline_pass_2.json,cdf8e4c850592ff0c472dca30db08331d1087054eb195c0d4f32612520e99dee
app/samples/APP-06_nemotron_ultra_guardrailed_pass_1.json,e5dba060744fd482579e1e3ccb46745fac188bebccdd1a5d98e8d1b35e6e8b43
app/samples/APP-06_nemotron_ultra_guardrailed_pass_2.json,c3f4da645b537e692b63c3559d0e59c28518f4702ae0e77f561378f1f232f1e9
app/samples/APP-06_qwen_local_baseline_pass_1.json,e2284db377e4d215d2429b05f521d10a990aa23f61da409f7d9b79cd5a0d0ec3
app/samples/APP-06_qwen_local_baseline_pass_2.json,9e582d71d0de7221c8bd5a397946253a4fa5ed8c998c2af61c871c996a129aa2
app/samples/APP-06_qwen_local_guardrailed_pass_1.json,03c1be9113e2197439326a5ce346bb0c5cd05aa06f9ec197bfe67f3bb5abda30
app/samples/APP-06_qwen_local_guardrailed_pass_2.json,71aa840a62e936988c33b49ef53e19ffe7581e8eae9d8e61768e44e3c04e9537
app/samples/APP-07_deepseek_v4_pro_baseline_pass_1.json,ae5d9e97211eceed3502497f2a07b3359c35f7e0a48eecedad2249620e802fa2
app/samples/APP-07_deepseek_v4_pro_baseline_pass_2.json,6d8813858eb7c7f68f10d9ce22af698f6b67a073fb24caaf661805e10202c6f9
app/samples/APP-07_deepseek_v4_pro_guardrailed_pass_1.json,90cd11129c76b29deee66d30fbf3fb9527cadd21f47ec8fc1cd968f9f38ba85f
app/samples/APP-07_deepseek_v4_pro_guardrailed_pass_2.json,c7ba41a036d5a5a675af17c83c400efe462e2a6070b7fcdfd0f25f57f0a50bd8
app/samples/APP-07_nemotron_ultra_baseline_pass_1.json,5ad3f18ce52f6b4a3854b93addfb67d3df45992bf33c43fa7678f32aff65d823
app/samples/APP-07_nemotron_ultra_baseline_pass_2.json,e379e636e6fda777b3cc0090b9ece07118ac772e3fc6578b16bea116cd5ce0a4
app/samples/APP-07_nemotron_ultra_guardrailed_pass_1.json,1b3941a2436a397eca2230ab40e22fad9e21734c0ecd30f67089888121a6d942
app/samples/APP-07_nemotron_ultra_guardrailed_pass_2.json,b9bd561f92863e2cd8fd22e8fe9a7694093cae6c358ae0e7a8a9532256ae02e7
app/samples/APP-07_qwen_local_baseline_pass_1.json,66eece7afdde714f72a09e1ae8318a8d7cafa3375f4cf82991a2f68d9e525bf9
app/samples/APP-07_qwen_local_baseline_pass_2.json,072250b0e37bfb1a76786eddbdfad6ca93c73b7efc1a8bf3d65bdf49323906f6
app/samples/APP-07_qwen_local_guardrailed_pass_1.json,b8e86f2ab1a407cc491967077fc46b9f0bf74f7c55aceaf54ef7b6797968dc07
app/samples/APP-07_qwen_local_guardrailed_pass_2.json,c6a4bbd1f5c3ddb60def6c3d167653712a2594e28565eb11c4cac3488b479888
app/samples/APP-08_deepseek_v4_pro_baseline_pass_1.json,b9f12c73a449e4443cf47bc08096c0c0fca98da448b3a221a1c61c361924bbe4
app/samples/APP-08_deepseek_v4_pro_baseline_pass_2.json,967f8e7e671b4ac1d8a873c4061c14594fcdb507d00d757c1e62789c1dd31772
app/samples/APP-08_deepseek_v4_pro_guardrailed_pass_1.json,d3613084fa8230d561400445b3c5113555114d6044bc0eb8446a1e460cf06254
app/samples/APP-08_deepseek_v4_pro_guardrailed_pass_2.json,ddb974a4bff72321bee5d1037c783e15951687e79020a151cc15ea92f9920768
app/samples/APP-08_nemotron_ultra_baseline_pass_1.json,84d05c5bb81942215fd8e1f508ddecb9e079098185f0a6fa847b5c68e5fc72f0
app/samples/APP-08_nemotron_ultra_baseline_pass_2.json,efaec6afe0dacb31a5e1beaae9e5bc72e0faa222529b44cd441da647c25aa30a
app/samples/APP-08_nemotron_ultra_guardrailed_pass_1.json,3d5848318ca62fc3216a8db71881bbb700f3466c97dc3387dbf2a37ef294b595
app/samples/APP-08_nemotron_ultra_guardrailed_pass_2.json,17d630649adea629aeda20334d72ae2286ddb6e36d2da3c34996c87f4f5a5f75
app/samples/APP-08_qwen_local_baseline_pass_1.json,6ec12649301aa9eb846d5dce3cc13d0cdf1c93480533e3524225976b466bb195
app/samples/APP-08_qwen_local_baseline_pass_2.json,390ed4b3789725a07d10ab8a6f96da992780e3af2ea2cf13083066c32a0d3793
app/samples/APP-08_qwen_local_guardrailed_pass_1.json,bcb7d7177907dac51cbfabed589ff6fe9478578db1a5dbf472f98b929d0c5537
app/samples/APP-08_qwen_local_guardrailed_pass_2.json,3dfcdeae96fdd39119a78da32071a70f9b40c93a99268c67e9b31e13b751c321
app/samples/APP-09_deepseek_v4_pro_baseline_pass_1.json,9263702cb14bf9d2fc1d526e2393427103e6c6dab7058fb626d83980185cfd46
app/samples/APP-09_deepseek_v4_pro_baseline_pass_2.json,63b1daddbb8f2bf853d7705d86fd8dc33afafb21de0554993619bb504ec7149d
app/samples/APP-09_deepseek_v4_pro_guardrailed_pass_1.json,5df78a0b938b4fc2039f649a99e389be60d68632f94d44dab214746371d3a045
app/samples/APP-09_deepseek_v4_pro_guardrailed_pass_2.json,ef9f1e427d6be65d9d60b916bff4801d7572a66634b7dea2f135fa38b3b66fa0
app/samples/APP-09_nemotron_ultra_baseline_pass_1.json,92501bce0bfc90a1c46d76d87f411642855707e51247361523a5295e789d908c
app/samples/APP-09_nemotron_ultra_baseline_pass_2.json,d81c14712c7f53b60d6b5f7813a8567d7e4688a9d7e371beba92fb7d5c6f2486
app/samples/APP-09_nemotron_ultra_guardrailed_pass_1.json,12574b1e33a95926212d4d64554b06cbd51459262affe9a8af17c09517e7d6e6
app/samples/APP-09_nemotron_ultra_guardrailed_pass_2.json,3957ddcd7340a8537ca5682c90d7059ce11158c393433f4f2e60c7f93167c298
app/samples/APP-09_qwen_local_baseline_pass_1.json,96c0cb1e71553e54e816c1293418a8d6c9b19f20b05951001e004be47cd6a35a
app/samples/APP-09_qwen_local_baseline_pass_2.json,87a85e342d668d14bac4042e1635e81cabb94d36e5a37576068ad36ef8b86b95
app/samples/APP-09_qwen_local_guardrailed_pass_1.json,5436c3b08b9c51093ff6de679f413827757df9daef1283f10adb68a3d7f586e9
app/samples/APP-09_qwen_local_guardrailed_pass_2.json,7edd38c7e9d7abc9d2bb35184bc0cbe8f6fd6c76d6ec7332888627a57c5bbe75
app/samples/APP-10_deepseek_v4_pro_baseline_pass_1.json,ab4301a81d1d82a51f970eea21850c6c5789e77b09b0a0f1b4f7bd026cd2e7ab
app/samples/APP-10_deepseek_v4_pro_baseline_pass_2.json,abaaf5cfe78e27ae478afa6a233ca02ca5b56e4d6d27c115736e02652280bacd
app/samples/APP-10_deepseek_v4_pro_guardrailed_pass_1.json,dfc877d87d52c527b9018817089a0ee409e708b9b48202a862caed74c460b44a
app/samples/APP-10_deepseek_v4_pro_guardrailed_pass_2.json,48559404f6a323e6b2299a2d335b20f4acc3a3d5c2f3fa8b5690bc2064254d22
app/samples/APP-10_nemotron_ultra_baseline_pass_1.json,39522e221d905e6a2d14dc39388690d5a01cdcf29f8d1308e819ded58230429d
app/samples/APP-10_nemotron_ultra_baseline_pass_2.json,d1cee1c1249aa0643785d712ab9b6d62054cbaff84af24145d0ec2ace3854e29
app/samples/APP-10_nemotron_ultra_guardrailed_pass_1.json,dd9f9065f1f8c570568b6907a9e734030bf1046eda30e144de3b37129e7ede69
app/samples/APP-10_nemotron_ultra_guardrailed_pass_2.json,4f03a98aa96892ce08919c245e82899e9ad37531b7cc25b0d719db82287e397e
app/samples/APP-10_qwen_local_baseline_pass_1.json,dec0ac0d62afa056ccf9760c67af44454696a17223e8ce5bb15d7c17de037982
app/samples/APP-10_qwen_local_baseline_pass_2.json,b1f2f419afd234a89d0d9e800a3d74452303d47f6ab0583f624d30a36fb6672f
app/samples/APP-10_qwen_local_guardrailed_pass_1.json,7ab7bdd1c1bda8f3841ecbff77bbec119a7f45b476f88b91365e26c4bdc4ac54
app/samples/APP-10_qwen_local_guardrailed_pass_2.json,db8cc0f2edb6e14907ed04e830e12010a9a411e4958f71881daed1672fb9b79e
app/samples/APP-11_deepseek_v4_pro_baseline_pass_1.json,fa1fbc4141fc58c88e098fa0f2ffd01c35d26b959e44720c6101015141da4e6d
app/samples/APP-11_deepseek_v4_pro_baseline_pass_2.json,ca53d76d7ca78a9af0489183804feaf836b69dce4efe7dcc34fe7769d68f09f4
app/samples/APP-11_deepseek_v4_pro_guardrailed_pass_1.json,09b5c6ae1194b6e2c29a4028995de4c23e9b27c837837c59824daa4881509888
app/samples/APP-11_deepseek_v4_pro_guardrailed_pass_2.json,b4fa1b0b648e1e890efcca3c752bf098b03abd7f90e33e87fa5f3cf1b9b6e705
app/samples/APP-11_nemotron_ultra_baseline_pass_1.json,d99d0a67f5db0a8ba45e7ea8ac4d30644cce0e2342c4622abc6f94ec95d53488
app/samples/APP-11_nemotron_ultra_baseline_pass_2.json,4791a5ac18e89c4470f5f67b3d855db1ea945c7b167e99579f2aa20f7e1b4d50
app/samples/APP-11_nemotron_ultra_guardrailed_pass_1.json,033547d7aefd15733f22f012319f6e35c66e33086edd7314e2215b18eaae92ce
app/samples/APP-11_nemotron_ultra_guardrailed_pass_2.json,d722ec78f97b40ad68f6c26b9272af403f27000886a18e708c18f18875b0bf2d
app/samples/APP-11_qwen_local_baseline_pass_1.json,9bac1b1d18f93dd4626569e03c8d34279a4304509a97e694745ea76012f2f232
app/samples/APP-11_qwen_local_baseline_pass_2.json,ee3d13faaca90fbfd2c0816fb5cf74ee8c5b6a424d2246e22d2cd07d09f3cdf6
app/samples/APP-11_qwen_local_guardrailed_pass_1.json,0c24bb26ac38542bbb49511d5ee66de2bd926ddbb3fa133f3c3231f8fd9b1395
app/samples/APP-11_qwen_local_guardrailed_pass_2.json,d842b14b5537f66ae96cfefedc596ad73465fb558b86debc475d5536c4d097dd
app/samples/APP-12_deepseek_v4_pro_baseline_pass_1.json,b787703c55c43e3d00b939eeb5056950dfe8badde74af5173fec241b2ec28ea0
app/samples/APP-12_deepseek_v4_pro_baseline_pass_2.json,dfb49f592dd28d16c714626364c3601e632a4734659b3dd3c9ca3b2dc1498df1
app/samples/APP-12_deepseek_v4_pro_guardrailed_pass_1.json,effae17caf880fd658597b6c083b681bda9a02f270453766d247f861c1393680
app/samples/APP-12_deepseek_v4_pro_guardrailed_pass_2.json,f70ad57846e1b766f6b6424fdfded506a9ed7472315891047a40fae84e7d964a
app/samples/APP-12_nemotron_ultra_baseline_pass_1.json,d420de6cac7d34571248ff23e057398b70b6e0812b80db7e08fd6976960e0d05
app/samples/APP-12_nemotron_ultra_baseline_pass_2.json,0f4ded40f9f2ca1fcb4dc41ff643f89e88cc57ab7e8e934355775ecd4048b56d
app/samples/APP-12_nemotron_ultra_guardrailed_pass_1.json,44742632399c4178760abe1309ebffb9d74c6b1d4ef25ab80c9f7f82f4489047
app/samples/APP-12_nemotron_ultra_guardrailed_pass_2.json,bfa0cb1d23130ceeae346833746daae2727670ad90afac374b05e14ed09f70b8
app/samples/APP-12_qwen_local_baseline_pass_1.json,a91bdd702cbd303c18eb53c87bde65cc000dec53d96921e8f2260bc8c2d7bc85
app/samples/APP-12_qwen_local_baseline_pass_2.json,e840c0e2c19dff0b180eebbf0343cf6422d902ad0520db587a78273ce6509ec6
app/samples/APP-12_qwen_local_guardrailed_pass_1.json,73c68c7371245d95ecdccbcd930aa5d5cf55d91572c01071c3f83f39a81e80f1
app/samples/APP-12_qwen_local_guardrailed_pass_2.json,8a7232fd0ed30155e7f4965ff1ffdfae3d0626a6055e06f07592231e4510e389
app/samples/APP-13_deepseek_v4_pro_baseline_pass_1.json,09d6daea68152ed30c22bc3b3fec4bbc2c283cf645f98e4cf77596c1351cda35
app/samples/APP-13_deepseek_v4_pro_baseline_pass_2.json,f3e6030c6ec261c8d515e729f6b228830ea25633804ffcd01488eede4870c950
app/samples/APP-13_deepseek_v4_pro_guardrailed_pass_1.json,a70f74707ac4c0b99fdc6e7c9e2a8034e4a82e737390c43be60038ef1bffb917
app/samples/APP-13_deepseek_v4_pro_guardrailed_pass_2.json,3ea8cbe2cc5d09a6f7f653f51b081a482dd2bc308bd0b7f395ba9d2c1f918cea
app/samples/APP-13_nemotron_ultra_baseline_pass_1.json,46c46ad90ecdf79a07f70671e9b4564b820003f76845bc989a3cc0ac7cb43759
app/samples/APP-13_nemotron_ultra_baseline_pass_2.json,68c058a3d6ffada3c93e04ab5fd28a930e9bec03a31b7d080442f70002716f5e
app/samples/APP-13_nemotron_ultra_guardrailed_pass_1.json,84933284cf1a4783a14bab35f6aadbec1e709f66dba536e10a7f488bafc67214
app/samples/APP-13_nemotron_ultra_guardrailed_pass_2.json,57850d40c05edbc5021148e66565368caa20a9b82338c4670d5d0ba561b20f3a
app/samples/APP-13_qwen_local_baseline_pass_1.json,917ed1528383875db320dca0ab36b390c50550591d6fdb9ff0adb2c351388943
app/samples/APP-13_qwen_local_baseline_pass_2.json,fdec128c8dede4d2f7f7b5e468a6a2f00e70129361b8a9c002cd511e232c28b1
app/samples/APP-13_qwen_local_guardrailed_pass_1.json,2bbd22785665265344a2f118f01e3b00cf6d42dfd756d314f03ebd1390bd2a90
app/samples/APP-13_qwen_local_guardrailed_pass_2.json,18317014b19749a1eead6e758fc9667f1516138860392bf4c26d4a981fe1d0d0
app/samples/APP-14_deepseek_v4_pro_baseline_pass_1.json,038b253cd4e296f2f546e2f51eeedf3c4b3ba3dbf7fd27a609d6b8e89da4e1c2
app/samples/APP-14_deepseek_v4_pro_baseline_pass_2.json,0fb0c468260a5d6dccc059cc994dfa9b5f88371b345d3b75d9c2234b23b4ea1b
app/samples/APP-14_deepseek_v4_pro_guardrailed_pass_1.json,306a8328c9c76aa8f00f33680c0c87ff29124c3fdb4b4f83ac275094217de2f3
app/samples/APP-14_deepseek_v4_pro_guardrailed_pass_2.json,9314ca3747acf0f20558377645cb9ea30a7d93db2e887c2f664ed683ef3b7c95
app/samples/APP-14_nemotron_ultra_baseline_pass_1.json,2875cc68104f4acb812a2de31f655647eb3bedee38f6408717a4f77e7e15d325
app/samples/APP-14_nemotron_ultra_baseline_pass_2.json,cc8ddedfa9d59906f5d2ee82959a45521d04e69b540bc72c00465f75778ac90f
app/samples/APP-14_nemotron_ultra_guardrailed_pass_1.json,f53005c9d57ba22c4eb7c1c0838add081b74ba894cd1b1d236798db07c0efb4a
app/samples/APP-14_nemotron_ultra_guardrailed_pass_2.json,b713ed8b143c13157e7e404bab9c811e6958dee8b6f644ad74f1d5c083310f0e
app/samples/APP-14_qwen_local_baseline_pass_1.json,b58dff9d94ccc8bdc223365ae5a7f42111d4e029f5d99c80e2d46f2db1c27228
app/samples/APP-14_qwen_local_baseline_pass_2.json,cfe15f19634b81fce47adcd45332e11526d3afe57ef3f25d808023b100ed8d27
app/samples/APP-14_qwen_local_guardrailed_pass_1.json,989984e5e5cc4b20aff76c0faa165f1fed79b05c3cb4209fb7cb56a48d454aa5
app/samples/APP-14_qwen_local_guardrailed_pass_2.json,8183defa713c843008c33f63e33004aec921fd32d8a94129ba7cbceca4af6ab1
app/samples/APP-15_deepseek_v4_pro_baseline_pass_1.json,907481a78579fd5ac524c1fdd4608141feb045cf49d4f03f290776746e483336
app/samples/APP-15_deepseek_v4_pro_baseline_pass_2.json,c86b571e5608cb5465cc4375a0ed2000d1cd6e0f2cc8efb4fcdc57a61d6b19c3
app/samples/APP-15_deepseek_v4_pro_guardrailed_pass_1.json,8a2f5dd4386dada19d1e05ecd5ecb2a393967a3a7d9524c6d6375eec2397ddad
app/samples/APP-15_deepseek_v4_pro_guardrailed_pass_2.json,2a9a0a0caa3d2e70bc82717a27a991a26af7a4d89a9e5839031f71bb9d48c7f8
app/samples/APP-15_nemotron_ultra_baseline_pass_1.json,cd122f5b6cbad19cb158cf2009bfd8b691c81acc9f3b7f09f81c1fc878facb23
app/samples/APP-15_nemotron_ultra_baseline_pass_2.json,3796a999e647b2d3ad8b65e220fe7866fead143f9c3afc927632a9ba3180789b
app/samples/APP-15_nemotron_ultra_guardrailed_pass_1.json,2aa9a0a72db1e99e13c292987e95ca5158035519f4efd6f2b8180ee5523a1bcb
app/samples/APP-15_nemotron_ultra_guardrailed_pass_2.json,495f5c176f3115c07d7752d5eed7596ead13ef117ef20e507401a97689997e2e
app/samples/APP-15_qwen_local_baseline_pass_1.json,1832bb5f48ca5cd07a81c083ac2d278a981dd57de70c071a4d6b6d3fce2964b3
app/samples/APP-15_qwen_local_baseline_pass_2.json,a9b8fea15e2890e33b68e3f88f30eba69f0a0cc33ca8dd027f308e66d59d1dbb
app/samples/APP-15_qwen_local_guardrailed_pass_1.json,9e030b42725ccb5d49b72260e5fe14b5dafd5c097d189dc68bc908a7b2451711
app/samples/APP-15_qwen_local_guardrailed_pass_2.json,0256a525bfd6eb12305bded86ef3151ce66d4c5c47af79a7145339e14561dc54
app/samples/APP-16_deepseek_v4_pro_baseline_pass_1.json,2c3c0e77b742acb638a61e8e700b9af7c5f06feaa407ad42561dafebcd7dcceb
app/samples/APP-16_deepseek_v4_pro_baseline_pass_2.json,372c2d7b9364d1cd365a3b68a5ec73e3fe200a85cf355738ca4e9aa8952f464e
app/samples/APP-16_deepseek_v4_pro_guardrailed_pass_1.json,0e35b33af146de4eb047ca3e1162d2ad731aca5e05b564d82682d58cb8d6d02e
app/samples/APP-16_deepseek_v4_pro_guardrailed_pass_2.json,40ec294e0459fdd4e65446085cb426bc9d38fcddb2cc059295e73618126a9fb3
app/samples/APP-16_nemotron_ultra_baseline_pass_1.json,ecaadea53e4e56e2c8b95122dc7edc30d307f8e7144770e1a61e119730fdae48
app/samples/APP-16_nemotron_ultra_baseline_pass_2.json,867c1051f9581e56630ee8ebec31adbee987103bc045fc0b73c0421269631f5e
app/samples/APP-16_nemotron_ultra_guardrailed_pass_1.json,1cfd1d5f1685ecca8aafa596df26b2219165c391a1f250355c80d50fc200fda1
app/samples/APP-16_nemotron_ultra_guardrailed_pass_2.json,59b4e3d7142ea08e7363d7343e8750da4a6d4ed4bbb63076828e1f31e4fc4cca
app/samples/APP-16_qwen_local_baseline_pass_1.json,c4e4c6e48cfe71c3587ec517e14e798dd01aa72745cf09f85087a47d1b856df5
app/samples/APP-16_qwen_local_baseline_pass_2.json,2fcaf49d7e34122e5e0e2133a0dfc2d7b13e56c25a50d83016dcb923e2b005c8
app/samples/APP-16_qwen_local_guardrailed_pass_1.json,c839c6ef539b9b04bacc563612f2852ff135f1338447c4aa106ee639cec7be00
app/samples/APP-16_qwen_local_guardrailed_pass_2.json,6d55d9f3cb56e139cb988f0007bcec1e4e3f33e514472e2cbd14140aa31d28fb
app/samples/APP-17_deepseek_v4_pro_baseline_pass_1.json,48722875ecfe2456ee40f3affe3b41dbe462a924447d1f4424f7ea410c475830
app/samples/APP-17_deepseek_v4_pro_baseline_pass_2.json,fdbe6d17f19fff89190feb890d40ad872a3d2fe963b002049d7ad5021b7b67be
app/samples/APP-17_deepseek_v4_pro_guardrailed_pass_1.json,75a2ccc74b051284057f6f75f6d4190eb88e9a6de1189828bb9fe78eba8e663a
app/samples/APP-17_deepseek_v4_pro_guardrailed_pass_2.json,46c9a9f84129812eb9aa3afbdf3aa8cd8ede479f0d423e7c8b27199ac03d33e6
app/samples/APP-17_nemotron_ultra_baseline_pass_1.json,9cc3f7b190bc48214dd7040baf4bd112994ffbaf9b3d8c89180ccff6ae2da6cd
app/samples/APP-17_nemotron_ultra_baseline_pass_2.json,43b6b23cb66c2dfa5e2286e52a138c6f5468e33ca09c02072a2a07133dd9d124
app/samples/APP-17_nemotron_ultra_guardrailed_pass_1.json,009df56a94a9d229984816241fa86d079e174f846c266c2ef6beffa355c7f3bb
app/samples/APP-17_nemotron_ultra_guardrailed_pass_2.json,e34a45ee0262ad3003514f789ff4021637b6954f4ebbe2be26046d62a8efdad0
app/samples/APP-17_qwen_local_baseline_pass_1.json,30e58202f5b751b6df9b470cb7729de178997517735d20bd1bcaad83b9c98766
app/samples/APP-17_qwen_local_baseline_pass_2.json,9565fde09877f8eba566806df1c99d74c75102d21fff2095b960375ba9425975
app/samples/APP-17_qwen_local_guardrailed_pass_1.json,0e12f7479f2ee7a6eed9b7be73fad91b04767de1c817515c1df306816a446298
app/samples/APP-17_qwen_local_guardrailed_pass_2.json,6fd30edc8d46eeb134883b55bde05f59e0935ccf7c662175719769f7394b6f66
app/samples/APP-18_deepseek_v4_pro_baseline_pass_1.json,98f59a13d4027b259b8e9dc1bc938ec7b1e0ec3c46b3e1dbb0dd0c041a1596aa
app/samples/APP-18_deepseek_v4_pro_baseline_pass_2.json,65c1e74a5ee51ce478d18cd31cba126e2d3e2e4a8eae1b0406c226612e4a9f23
app/samples/APP-18_deepseek_v4_pro_guardrailed_pass_1.json,def859e58b5726985457d2f040231a233b5605ee70bc9a0a50dbde57cad5aaca
app/samples/APP-18_deepseek_v4_pro_guardrailed_pass_2.json,45204a9a78ec6565f7f6cfeb96a50361459fe0ab71c15818f2d9043a9cb17045
app/samples/APP-18_nemotron_ultra_baseline_pass_1.json,068cb65d94db4ec2b967bb79d435c1c71d33ea0957548bccfb06022ba4d14b0f
app/samples/APP-18_nemotron_ultra_baseline_pass_2.json,9da78686dc79c8c2ecfd6cf4693d5e3c063581fe12fbf55e7e1bda7ef4941558
app/samples/APP-18_nemotron_ultra_guardrailed_pass_1.json,b78ea12fc053f35e4bbf61236b6087eb425a28290dfb9effcea597119a9c2648
app/samples/APP-18_nemotron_ultra_guardrailed_pass_2.json,f67c84bc89af335eecab9267cdb6f90263a003ff976ba4a1bd379df28638ea32
app/samples/APP-18_qwen_local_baseline_pass_1.json,d40c16a6f2e95b2d06cef9e92ff01a873dd3acddf9d22bafc0933ad0337350a7
app/samples/APP-18_qwen_local_baseline_pass_2.json,9a2ba49d55935bb28ae7ad90a438031737c440a9c73cb9170d8a4535ad7127cb
app/samples/APP-18_qwen_local_guardrailed_pass_1.json,773f01553106aff6736c69d108e108ce4f993873827d8e90fadbe8395e1fc91d
app/samples/APP-18_qwen_local_guardrailed_pass_2.json,593ec355c14db26113492158b74f689c5411dc58199eaf2710dc58f3c81a0027
app/samples/APP-19_deepseek_v4_pro_baseline_pass_1.json,804a2a14a8faf66c9521d3d791f4bc14b63f92937ce920b21bf49e958a1b2f7a
app/samples/APP-19_deepseek_v4_pro_baseline_pass_2.json,32057fb7f683a98f8f4cddd4ea1fe0dabcd71da8d9f790af1c6aff2ed668a86b
app/samples/APP-19_deepseek_v4_pro_guardrailed_pass_1.json,a2aa0a655370cd9a52f1fee9b7e8e67480287b5c47267e2994b46835d07e9149
app/samples/APP-19_deepseek_v4_pro_guardrailed_pass_2.json,5101a0ca8d82997ca0e26625644d1703881e6d429dd867ed664b6f0285259873
app/samples/APP-19_nemotron_ultra_baseline_pass_1.json,c0c27ecfd7d61f897d8d3b3b741cca8fd65c005e1056c322fe0c74e0489938ed
app/samples/APP-19_nemotron_ultra_baseline_pass_2.json,51ca9bcaad62d63654c67d97d2e49d10d359c57eb3f63719d20c2628217ae76a
app/samples/APP-19_nemotron_ultra_guardrailed_pass_1.json,f452d7cb7aa1b4afd651339f50322348cc15c1b6619e331a68d09d89260fc3cd
app/samples/APP-19_nemotron_ultra_guardrailed_pass_2.json,2185ee9737ff8180a8a5d2673692c90b7adf5c6a4195c0ef122839d599e4a281
app/samples/APP-19_qwen_local_baseline_pass_1.json,e49110b7c85173ca47d9fc405192be4bc2ef3a45e8f336323a54177f8c6b44f7
app/samples/APP-19_qwen_local_baseline_pass_2.json,3d7ef0c89c411d13374eafd9350547de375e8d0dac8f555c6307069b8f8428b8
app/samples/APP-19_qwen_local_guardrailed_pass_1.json,32c2c7a5cb5d7487117f20ad1986ea6bdb33e352b339c15c42f15333870b797e
app/samples/APP-19_qwen_local_guardrailed_pass_2.json,5682de6a0f873122db307a5a20878063738372f931a4d7fed48990ee64c3e2ef
app/samples/APP-20_deepseek_v4_pro_baseline_pass_1.json,a17121038c0ae3c119621f5535846dda561446bf3afbdde24b0806f0ca569c7c
app/samples/APP-20_deepseek_v4_pro_baseline_pass_2.json,be212c5dae52c1cf056f9b71a11f916a9b647697604a081cdd99626616cbe59f
app/samples/APP-20_deepseek_v4_pro_guardrailed_pass_1.json,30be98c6b6228b79c2be75db89568b488b5786ef99bae16b9069b6fcba4d4892
app/samples/APP-20_deepseek_v4_pro_guardrailed_pass_2.json,28309b009ff0242e3ba39ad0398d62661db8b96075e3c884b4363cb014398e63
app/samples/APP-20_nemotron_ultra_baseline_pass_1.json,b3546ab1586693bc661df5b0ff04c5569a084bc96f6d851d8990e51009263933
app/samples/APP-20_nemotron_ultra_baseline_pass_2.json,3a4e0fad315fb59ccf9ba92f44decc766a71c75a5848e33181d8dffc940317a3
app/samples/APP-20_nemotron_ultra_guardrailed_pass_1.json,7b077db3cec1a21e15272368680faf943c4dc1c4f716875be505f725cac99951
app/samples/APP-20_nemotron_ultra_guardrailed_pass_2.json,b08c7e5950d2e9499aa898d535fa153eaf0cfa55b1aa213fa7f93f0900ea357a
app/samples/APP-20_qwen_local_baseline_pass_1.json,1653a080e75dee76d07347054fc4e3fb3aa7fbe1b4fdb2e66775778cc1945acb
app/samples/APP-20_qwen_local_baseline_pass_2.json,014d1894b9e4640977d6184600e3015ace95ef1a95405bda60a596c839226e31
app/samples/APP-20_qwen_local_guardrailed_pass_1.json,0bc46f08a46be2112707395de927e8561054bb1554ab61dd3ee106f0c7ea6cd3
app/samples/APP-20_qwen_local_guardrailed_pass_2.json,9d9e7e08a17c4911b19ab1ae7e6eaf6c45c21eb7ad448cb7bba9731da8a7504c
app/samples/APP-21_deepseek_v4_pro_baseline_pass_1.json,f8a524569d79f087c9dd550125cf6ea8409a261afe569217e015259dd1aae16e
app/samples/APP-21_deepseek_v4_pro_baseline_pass_2.json,ad17f67f9bd872080c9844aed2e4dfe5d715a29e7dd6fb9ec7cbbf5287d7c6f7
app/samples/APP-21_deepseek_v4_pro_guardrailed_pass_1.json,93347be402dce0e6ee7f49d888c99fc2bf2357503c28bf815495057cb35d4fdc
app/samples/APP-21_deepseek_v4_pro_guardrailed_pass_2.json,b38b6db34c366b434d3b3a7fe77463806f50fa034c919ac377ecafe8d994ce33
app/samples/APP-21_nemotron_ultra_baseline_pass_1.json,abf0b0538f9ad87dedb339b40ba101ca702f464155b8a1aa7f241646beb4053e
app/samples/APP-21_nemotron_ultra_baseline_pass_2.json,7d385e2562927888e1f99557130e8c012891770da35920f27e61676d5bd72f6e
app/samples/APP-21_nemotron_ultra_guardrailed_pass_1.json,e4a35881da18688c069617643f99b7a91f2b1512ea20ff97b37a921d0ba85407
app/samples/APP-21_nemotron_ultra_guardrailed_pass_2.json,781ff911837ef437e6432978e1892346e88c5223fa8659603e0fb40fcfd26304
app/samples/APP-21_qwen_local_baseline_pass_1.json,bf3708ff907681c989095cbba12dc6f06e2c4dc470f46eee390d3b277aa0bbec
app/samples/APP-21_qwen_local_baseline_pass_2.json,0ab35ab1c72a27941232e64b031494803824bfdfd8a8ae8ffb8368f2244e8170
app/samples/APP-21_qwen_local_guardrailed_pass_1.json,07c9d07370c55ab5e69a877dbe0b781b05a6876e67c4261b5bd04193f39cebe3
app/samples/APP-21_qwen_local_guardrailed_pass_2.json,3c8210e84b2acba0054a3296feff7b8b6aa93a696c11f7ef61c4382ee84c14c9
app/samples/APP-22_deepseek_v4_pro_baseline_pass_1.json,d275f9db596f3ad4e10adff6c538f041b8a3d42e58cd5d614cf8e43ee1303aad
app/samples/APP-22_deepseek_v4_pro_baseline_pass_2.json,fccb6813219fc81b250ae046d1d0ef2f9a4470bb77810811aedf813262a952de
app/samples/APP-22_deepseek_v4_pro_guardrailed_pass_1.json,215ce4a84af8e0577399a4bfb0fa00d6b5dc952a1152d6b9dee584232a673123
app/samples/APP-22_deepseek_v4_pro_guardrailed_pass_2.json,c74d266b6a0542a7fd68f9b35c66b910238f55f157185c90254510b35f20d89f
app/samples/APP-22_nemotron_ultra_baseline_pass_1.json,0e85a6256121ed64cdc0de623fee46ab33fc91af2bf241a6190f7a3fed7052a8
app/samples/APP-22_nemotron_ultra_baseline_pass_2.json,238b8cb5fd65991c0116243661e299543e545eb507ee99020baabe32e2b6cbe1
app/samples/APP-22_nemotron_ultra_guardrailed_pass_1.json,898ee2de957e300a4379f123370b9848bfe5eceaaa50ed39564d60f8787f5ceb
app/samples/APP-22_nemotron_ultra_guardrailed_pass_2.json,ef70f871caad426c220373c9d072d0197a08e6618bac9f5b4d6c1c0ec778e3c0
app/samples/APP-22_qwen_local_baseline_pass_1.json,b672dba3a3485ebc79dc46eb698e6a4ce10ce416d05fd54164403dd8b6ba6d80
app/samples/APP-22_qwen_local_baseline_pass_2.json,273c5b78e8b5fae5eaccc1b712fdc16b2ab664a6254b6a5069c28cca58fe634a
app/samples/APP-22_qwen_local_guardrailed_pass_1.json,9da68e623562e65d3bc042a1835cea5aac0c364212056c7fab4929d691fd475d
app/samples/APP-22_qwen_local_guardrailed_pass_2.json,fc17fba8dc4f95844c1e2f7730a16b16749880621b9386cd3c2bf698ed615504
app/samples/APP-23_deepseek_v4_pro_baseline_pass_1.json,2fefc110d2b68b63de3c500270bbc7818a08b5bf0184b678ba4d2c69e09a73ad
app/samples/APP-23_deepseek_v4_pro_baseline_pass_2.json,45672e34a8937189e2d1d47d1e54ccdc8dce37022597e16d34046507c5f35c24
app/samples/APP-23_deepseek_v4_pro_guardrailed_pass_1.json,0208573597156728a6896690dc48e1bf5638075954b5e15d7a3ee851576d2d90
app/samples/APP-23_deepseek_v4_pro_guardrailed_pass_2.json,4d8b2ca767f31e5c446545ce637a28ae6220559b0ef82f3884473f3fdacdc799
app/samples/APP-23_nemotron_ultra_baseline_pass_1.json,6c8911d9c162e67c2b41825664c62171909b1682dbe6886639a16c4a17fb0831
app/samples/APP-23_nemotron_ultra_baseline_pass_2.json,42f667b42ac16126657d3a9213598e636e673bc8cd43eab05e95108c9c6e10e6
app/samples/APP-23_nemotron_ultra_guardrailed_pass_1.json,fc7488a25106011066ea61fb452a0f7a25c1a05788914a2fddb5db7ce27b75f2
app/samples/APP-23_nemotron_ultra_guardrailed_pass_2.json,a07e6a4d4ec7a9da1346fb84edaeb6c5b4247d7007437b8068c2a10129b89aac
app/samples/APP-23_qwen_local_baseline_pass_1.json,f6bab06e623a7ab86f1c33118892653f8d479e1f9417bed0e89b56ba23480945
app/samples/APP-23_qwen_local_baseline_pass_2.json,9990339b2c888c58107b76378d9b5f0d49071eacab242017ff2118b2d14e4107
app/samples/APP-23_qwen_local_guardrailed_pass_1.json,6e65bb510de21ef038a03843dbfb50b80104f516d9a115379af0ca0c3ab87d0e
app/samples/APP-23_qwen_local_guardrailed_pass_2.json,7e383bc6cc3561280c55e0ba79c672862b581876a033c24ce41e803b9edbbd5d
app/samples/APP-24_deepseek_v4_pro_baseline_pass_1.json,69b2ec428a0cc3f3f0e776bec524f6bff2e8babf768186193b34194adc3e244f
app/samples/APP-24_deepseek_v4_pro_baseline_pass_2.json,4956b6fda69feaeba35a7310a3651abebeb14146b472d172ac825820f5bceaae
app/samples/APP-24_deepseek_v4_pro_guardrailed_pass_1.json,4abcf83dbc6563d9a43a265f50473d3fa1fc2ea96a760d22ffcd4e8310cce9d2
app/samples/APP-24_deepseek_v4_pro_guardrailed_pass_2.json,3f157f453e4c1dd8fb5f04a22ce06ccaa03803e5ec1b49c6982966749bb09b3d
app/samples/APP-24_nemotron_ultra_baseline_pass_1.json,9cc6c0b449d01d498574f551cae2141e921e76f1058ba7fa5829035a7b397b3f
app/samples/APP-24_nemotron_ultra_guardrailed_pass_1.json,9a0e4e540784f6de3425b98a60e9b17ab4450ba42c0cb0fbd620eeb7a113843f
app/samples/APP-24_nemotron_ultra_guardrailed_pass_2.json,fa0a0cb9402d5feff85e3fcdad466b271cc3c859441d6ac78ea35f7197081974
app/samples/APP-24_qwen_local_baseline_pass_1.json,1331d67ae4bc78933ad200feba9c4ad383ef2ae5fdf375e59fb5c4b0ab465401
app/samples/APP-24_qwen_local_baseline_pass_2.json,d6450d3a6bc11cf335b6fcf6a90871f0a7466dcae6f57d230ee596faf731f37c
app/samples/APP-24_qwen_local_guardrailed_pass_1.json,c77223a6bcd8b5d55b411439476089eb249cd8dc61a126c977cd50b2877cbf52
app/samples/APP-24_qwen_local_guardrailed_pass_2.json,209f2beefdb80e223d1eb1a24b884e646516dbf7aaddbbadd93eb3e595554820
app/samples/APP-25_deepseek_v4_pro_baseline_pass_1.json,b35faa2100fb1f163b5ed6bf4965feb339c3ba613b71778d2c75528b9f03970f
app/samples/APP-25_deepseek_v4_pro_baseline_pass_2.json,7ea33cc8ecda811a0c8bf6ec5600078374fba8c0aee2f94ca17b2f934c2c6527
app/samples/APP-25_deepseek_v4_pro_guardrailed_pass_1.json,5ea86abc5666ef6c998d512ed5f391c4ab7d4899cb5f97c96e7ed9ab579120d3
app/samples/APP-25_deepseek_v4_pro_guardrailed_pass_2.json,718f06fd26669ac9ae6cbf7aac3d42ba9fa4730c720e46a38893252d95f0ce79
app/samples/APP-25_nemotron_ultra_baseline_pass_1.json,e1a5dedfb2d703ef06b66f48b63086a0c3eea1dd5193b9cfaf59534ba83cbafb
app/samples/APP-25_nemotron_ultra_baseline_pass_2.json,84f163a019ff63b57fcf58438014de87cf4454b2e9e2d7c0e9641b68484b156e
app/samples/APP-25_nemotron_ultra_guardrailed_pass_1.json,1fb492a704a1edecb14c7b2b70ead393667b88d6757e45bbb3001175f954dd34
app/samples/APP-25_nemotron_ultra_guardrailed_pass_2.json,7837f3d3c8f982321dee61a1a5f4baa4214d1ce96b7c70e00e8a57b5ca666dd7
app/samples/APP-25_qwen_local_baseline_pass_1.json,a6f7298ce6cfc862146f4c4672cc539ff0c4b5383179a33da0fce83c3e34564b
app/samples/APP-25_qwen_local_baseline_pass_2.json,40a5864af98e7723e4d067c23df342842e42b5490c8aadeae8624df05baa9568
app/samples/APP-25_qwen_local_guardrailed_pass_1.json,d6d8e13fd8a1f2b8e2fa2dc5b9034b5465ec66da9d43b92ffd89798ecfb9f5d4
app/samples/APP-25_qwen_local_guardrailed_pass_2.json,50bcda2c2a1babccc855263feeb2c7090622bb7b5cebc6b9bfbb3a5f69864f21
app/samples/APP-B1_deepseek_v4_pro_baseline_pass_1.json,d370a76aa9d640193ff308d1e90ac493e8a218d1b7ea572071e17be46231e201
app/samples/APP-B1_deepseek_v4_pro_baseline_pass_2.json,7ca60e66669ef1aa5a9f49c4d97d125e6cdfe3344276b6b05805f0e54cce365f
app/samples/APP-B1_deepseek_v4_pro_guardrailed_pass_1.json,873abc5ddbdb2a923fc038ac2d6c83fccd21103d70ec61a02748cfd44b0189fe
app/samples/APP-B1_deepseek_v4_pro_guardrailed_pass_2.json,43b2fdf15ab6555b6fbdc8c1193a9417e07e44c5e559243f7183d0bb00ab86e2
app/samples/APP-B1_nemotron_ultra_baseline_pass_1.json,deec36baeafa9213c16cdb6a2a9ce170f55324ef6ff469f1aebaab6c73df64fa
app/samples/APP-B1_nemotron_ultra_baseline_pass_2.json,a853931c037bb17bc29de68b1c321cb36b05697885491d375c3253f14a52dd91
app/samples/APP-B1_nemotron_ultra_guardrailed_pass_1.json,6bee44ca1457762140710ed8b7d62cd42c71c7f06e62d69e5da711768bfdfd6a
app/samples/APP-B1_nemotron_ultra_guardrailed_pass_2.json,78734d069afcb38f91cbf83f561b2d0650ea5b603c189cc09db51e72ea54a3c5
app/samples/APP-B1_qwen_local_baseline_pass_1.json,45e29f8b046f866f402049ab4e9497dd0d308436f717fb38f2b2a830f7df98f6
app/samples/APP-B1_qwen_local_baseline_pass_2.json,d9d1e909e5fd85cc0e563f4898c0f4b9bb8f57be7f4f8a085b80592622f9a134
app/samples/APP-B1_qwen_local_guardrailed_pass_1.json,11de68bfeb366e3ff2acd65c1cb9168535f4ffb64768e3d69d67f7060466da06
app/samples/APP-B1_qwen_local_guardrailed_pass_2.json,8b983d445106013770af9cf3265d0e7dfae4d0d14ca86dc204cf269d0fdbcde8
app/samples/APP-B2_deepseek_v4_pro_baseline_pass_1.json,8c83c62b612411696dd1f5d7532c9635b7e8eb024e65f4cb2d23feb94bb591e0
app/samples/APP-B2_deepseek_v4_pro_baseline_pass_2.json,1f64987b5889469a6ac9e02650a89a2019976151b69e031a18493dd212d2cbb0
app/samples/APP-B2_deepseek_v4_pro_guardrailed_pass_1.json,4b402673f2cba2b093740c1cc675fcd32c73d0f59e79d1347da8e5bda5004d4b
app/samples/APP-B2_deepseek_v4_pro_guardrailed_pass_2.json,70ef624bb51d076a37afea5d4e7bc6b22bc77f107566a10743013edbb98c5cd8
app/samples/APP-B2_nemotron_ultra_baseline_pass_1.json,69c8377846d5279e8082812b45a5e55577fc9a0588df1c4b16d7f0f0b02cfbf1
app/samples/APP-B2_nemotron_ultra_baseline_pass_2.json,9baa4c41b186b196717084e5f0e756ecb1a0030e59bbaba0b9676c86f4c049bc
app/samples/APP-B2_nemotron_ultra_guardrailed_pass_1.json,9d11cbed7b24ef7743b99cd6f1162f80a24575f61a42f00b7ecef02406336a91
app/samples/APP-B2_nemotron_ultra_guardrailed_pass_2.json,3e02744e8b70e5735299ce529e9368403965df532e1f93ee2065a884ecf2552c
app/samples/APP-B2_qwen_local_baseline_pass_1.json,744c48ca82f0170cfee7adc66e0a398c9434dddae7187cd7ab3e7078b53d0991
app/samples/APP-B2_qwen_local_baseline_pass_2.json,0f54169233dd96ab6110a21935fab8660f821060ebf9d15d24da7a28d8edd4a9
app/samples/APP-B2_qwen_local_guardrailed_pass_1.json,eebbae1be64b83acb6776fd4d916631a29d8b7db6e1128ab44faeefd2d4afc43
app/samples/APP-B2_qwen_local_guardrailed_pass_2.json,e79ad735a3d7fd96565862bc368add38fee8941a12b0c3a502fd6c576083b3f6
app/samples/APP-B3_deepseek_v4_pro_baseline_pass_1.json,406d1436c4b40a2e8c6b39d363aa9fdb3f0203cdc2a4e9d20eefab99d0d86d44
app/samples/APP-B3_deepseek_v4_pro_baseline_pass_2.json,4e2efbd16cdfafbc3e9906da091ab1f6e05deeb2860b94cb978d273950e0fb4f
app/samples/APP-B3_deepseek_v4_pro_guardrailed_pass_1.json,063a6cc6bcda8afa7895b4476c7d2ab99d2fd7e43f69c6f43b4608fd8daad376
app/samples/APP-B3_deepseek_v4_pro_guardrailed_pass_2.json,d705bd8c080ac8b1ee9e109f7997b49fdcebc318dd98d20f690a0862e99a0467
app/samples/APP-B3_nemotron_ultra_baseline_pass_1.json,bcc247f273a8f755a92589775f051f657957f66897b892898a79524149bc4f2f
app/samples/APP-B3_nemotron_ultra_baseline_pass_2.json,de23cae4832bfb216967b4370ce7a9d17b765e010c7e7c6298916ea4625749f8
app/samples/APP-B3_nemotron_ultra_guardrailed_pass_1.json,c49c18cd40877a4027935321a215b78b3b51490af8bacc398eeb158cdf64a694
app/samples/APP-B3_nemotron_ultra_guardrailed_pass_2.json,859adedd23319dcc219c578edaa9330c9e009ab442ea9d267843a72c7d87f6bb
app/samples/APP-B3_qwen_local_baseline_pass_1.json,ed2ad220e53d702242875bae3dbb90d7cc75b0da782ed64d7b8581234f0b330a
app/samples/APP-B3_qwen_local_baseline_pass_2.json,8ffa2eb5b0410af167df3c39a2b1eeba7e03ff317e799eb0ed5df5eba6874201
app/samples/APP-B3_qwen_local_guardrailed_pass_1.json,4d094f748c7bd309e66597492c7513ebcd760f4eaa4923986fc47e1e5f0ff3ee
app/samples/APP-B3_qwen_local_guardrailed_pass_2.json,0bbf014bce003cdfcf201735cae2d792931fb7a5ddcb9f23a0af8546683ae061
app/samples/APP-B4_deepseek_v4_pro_baseline_pass_1.json,e662f08af9538e12bcb008f11b55c4854319a78776531dea50acaa780b1a0478
app/samples/APP-B4_deepseek_v4_pro_baseline_pass_2.json,a092251d99c1067d145a058f5c9c91f4b7d6e45f8a2180ea2c65120032a15a68
app/samples/APP-B4_deepseek_v4_pro_guardrailed_pass_1.json,f8c401fb54cf7e76498b1d769b129f2b50d8a9e7a6913b74a4673789c7c0b227
app/samples/APP-B4_deepseek_v4_pro_guardrailed_pass_2.json,a9affa77647b808e7d123122b81613088210649714fd02404a4d8c27d8faa3f8
app/samples/APP-B4_nemotron_ultra_baseline_pass_1.json,5a9fd165b9f151a5249d67161319a26defd5aead3608f58382a77cf5a3480843
app/samples/APP-B4_nemotron_ultra_baseline_pass_2.json,8120112c6c19e2d70a2a447f8ce525d9a7d2f3df2f389ed2836e44388107581c
app/samples/APP-B4_nemotron_ultra_guardrailed_pass_1.json,0de49adf081d218e17c96f61f00a061a335d544b0a7fe5ea8f9c34902bc4bc67
app/samples/APP-B4_nemotron_ultra_guardrailed_pass_2.json,73762840e14362065d08757192741a37a57f95214ef5bee9fc14adaab581cdd0
app/samples/APP-B4_qwen_local_baseline_pass_1.json,1649376d14f369939bf93399e04dd0407eed125344b1d240f210a8d7573309e0
app/samples/APP-B4_qwen_local_baseline_pass_2.json,bfd0c66c1e798f2a2941b866e60cfb8ca150794a72d8f3b38c0ff3dc891c9f1e
app/samples/APP-B4_qwen_local_guardrailed_pass_1.json,3050e71e075c380db40faf7cacd098a442f18a33d56f3789952ad50a504ae309
app/samples/APP-B4_qwen_local_guardrailed_pass_2.json,56f46beb6a0f4b84d416e77776491a43a866d189213ed6532e72a6de693bc1cb
app/samples/APP-B5_deepseek_v4_pro_baseline_pass_1.json,9ba30e2b8ac79bf7d01a1ecc587fc5121d4328dd37d62a8bcf6922d896db09ff
app/samples/APP-B5_deepseek_v4_pro_baseline_pass_2.json,42f3184020f12eba72fbb83817cd64f1f4ef671479d937faa8219ef172dd588c
app/samples/APP-B5_deepseek_v4_pro_guardrailed_pass_1.json,036dd08f2c4896e958e892675213005cc9e6de3a0999835e6337b433707c33a5
app/samples/APP-B5_deepseek_v4_pro_guardrailed_pass_2.json,7d1f914f48fa88bbf7817e7655f0c9e48cc4d6528f334ec6297ceaf98a9eac48
app/samples/APP-B5_nemotron_ultra_baseline_pass_1.json,6143dba4ce57b0334e10d99f5e7c69cd05c520db1eed560f2cc3b217cf760108
app/samples/APP-B5_nemotron_ultra_baseline_pass_2.json,27cdc76ed7860368f5b840e87f5e6a06165c76da86415a5b847b4627584e8066
app/samples/APP-B5_nemotron_ultra_guardrailed_pass_1.json,eeda88b1307efe1be9fe01bedb7c0aea32a66b2c241af08628af29ee68e02bc3
app/samples/APP-B5_nemotron_ultra_guardrailed_pass_2.json,756be6c4ef4808cb3486c5ebe4eba1fae522bf2f242b0899dc9eb39fb8d281e6
app/samples/APP-B5_qwen_local_baseline_pass_1.json,e61434bb7ed61781547829915748bbb29f0bf3fa58f3f809285266b07924c165
app/samples/APP-B5_qwen_local_baseline_pass_2.json,ef2997155b2116039d2d27a3a78d6432c67f0edde2fe755b7461fbd8320cf164
app/samples/APP-B5_qwen_local_guardrailed_pass_1.json,1a75564d7bffde9aa7d6185efd2d9ef1d414e232fa4645e3a68d10e0ddc58210
app/samples/APP-B5_qwen_local_guardrailed_pass_2.json,f7077520e3028fcb4d2db400fb2c22444f42e2f36797aebb3da6b07e553bdcd8
CORPUS_DIGEST,f401382a9ee87af1da415a3d076709bf3cd2100eb367cd55a79d3d7e950a6f91
